BOOKING_UNIT,MASTER_CLIENT_CODE,BOOKING_AGENCY_CODESUBCODE,RO_NO,RO_DATE,MASTER_CLIENT_NAME,MASTER_AGENCY_NAME,BOOKING_PACKAGE_CODE,MASTER_PACKAGE_NAME,BOOKING_COLOUR,ATTACHMENT1,ATTACHMENT2,BOOKING_ID
CH0,25576,SA329SAM81,72671,09-10-18 12:00:00,"D.P.R. ,[HARYANA]",SAMVAD [DPR HARYANA],AU29,AU-CHD,CO0,,,DCH0201800002710
CH0,124117,SA329SAM81,72829,12-10-18 12:00:00,"DIRECTOR LAND RECORDS SECTOR 4,[PANCHKULA]",SAMVAD [DPR HARYANA],RO13,ROHTAK-,CO0,,,DCH0201800002892
CH0,25830,SA329SAM81,72957,18-10-18 12:00:00,"DIRECTOR TOURISM DEPTT., [CHANDIGARH] ,[HARYANA]",SAMVAD [DPR HARYANA],AU29,AU-CHD,CO0,,,DCH0201800003105
CH0,76606,SA329SAM81,75157,31-01-19 12:00:00,"CHIEF ADMINISTRATOR HSAMB,[PANCHKULA]",SAMVAD [DPR HARYANA],AU29,AU-CHD,CO0,,,DCH0201900001061
CH0,214108,SA329SAM81,75336,09-02-19 12:00:00,"INCHARGE ARTS & CULTURAL AFFAIRS [HARYANA] ,CHANDIGARH",SAMVAD [DPR HARYANA],AU29,AU-CHD,CO0,,,DCH0201900001354
CH0,31889,SA329SAM81,75832,04-03-19 12:00:00,"LABOUR COMMISSIONER 30 BAYS BUILDING SECTOR-17-C, [CHANDIGARH]",SAMVAD [DPR HARYANA],RO13,ROHTAK-,CO0,,,DCH0201900002225
CH0,115205,SA329SAM81,76551,29-05-19 12:00:00,"DIRECTOR AGRICULTURE, KRISHI BHAWAN/21,[PANCHKULA]",SAMVAD [DPR HARYANA],AU29,AU-CHD,CO0,,,DCH0201900004471
CH0,88364,SA329SAM81,76707,04-06-19 12:00:00,"DIRECTOR ENVIRONMENT DEPARTMENT, [CHANDIGARH]",SAMVAD [DPR HARYANA],AU29,AU-CHD,CO0,,,DCH0201900004699
CH0,174970,SA329SAM81,77229,29-06-19 12:00:00,"REVENUE AND DISASTER MANAGEMENT DEPARTMENT ,CHANDIGARH",SAMVAD [DPR HARYANA],AU29,AU-CHD,CO0,,,DCH0201900005504
CH0,46146,SA329SAM81,77232,29-06-19 12:00:00,"DIRECTOR OF HORTICULTRE, ,[PANCHKULA]",SAMVAD [DPR HARYANA],AU29,AU-CHD,CO0,,,DCH0201900005508
CH0,26072,SA329SAM81,77383,06-07-19 12:00:00,"SECRETARY HARYANA STAFF SELECTION COMISSION, [PANCHKULA] [HRY.]",SAMVAD [DPR HARYANA],AU29,AU-CHD,B,,,DCH0201900005738
CH0,108768,SA329SAM81,77538,13-07-19 12:00:00,"ADDITIONAL DEPUTY COMMISSIONER,[HISAR]",SAMVAD [DPR HARYANA],RO13,ROHTAK-,CO0,,,DCH0201900005960
CH0,MU145,SA329SAM81,79031,22-08-19 12:00:00,MULTI DEPARTMENT ADVT. HARYANA GOVT.,SAMVAD [DPR HARYANA],AU29,AU-CHD,B,DCH0201900007404.pdf,,DCH0201900007404
CH0,75314,SA329SAM81,79100,02-09-19 12:00:00,ADVISOR CIVIL AVIATION [CHANDIGARH],SAMVAD [DPR HARYANA],AU29,AU-CHD,CO0,DCH0201900007766.pdf,,DCH0201900007766
CH0,188808,SA329SAM81,79231,16-09-19 12:00:00,"SECRETARY HARYANA BUILDING & OTHER CONST. WORKERS WELF. BOARD, S ,PANCHKULA",SAMVAD [DPR HARYANA],AU29,AU-CHD,CO0,DCH0201900008234.pdf,,DCH0201900008234
CH0,76143,SA329SAM81,79313,19-10-19 12:00:00,"ELECTION DEPARTMENT,[CHANDIGARH]",SAMVAD [DPR HARYANA],AU29,AU-CHD,CO0,,,DCH0201900009377
CH0,176538,SA329SAM81,79428,20-11-19 12:00:00,"DEPARTMENT OF AGRICULTURE AND FARMERS' WELFARE ,PANCHKULA",SAMVAD [DPR HARYANA],AU29,AU-CHD,CO0,,,DCH0201900010584
CH0,81914,SA329SAM81,79471,29-11-19 12:00:00,"EXCISE AND TAXATION,[PANCHKULA]",SAMVAD [DPR HARYANA],AU29,AU-CHD,CO0,,,DCH0201900010868
CH0,29825,SA329SAM81,79505,06-12-19 12:00:00,"COMMISSIONER  TRANSPORT COMMISSIONER, [CHANDIGARH]",SAMVAD [DPR HARYANA],AU17,AU-NWD,CO0,,,DCH0201900011078
CH0,117294,SA329SAM81,79529,13-12-19 12:00:00,"DIRECTOR RENEWABLE ENERGY DEVP. AGENCY, HAREDA,[PANCHKULA]",SAMVAD [DPR HARYANA],CH26,CHANDIGARH-,CO0,,,DCH0201900011276
CH0,28388,SA329SAM81,79538,17-12-19 12:00:00,"DIRECTOR SOCIAL JUSTICE & EMPOWERMENT, [CHANDIGARH]",SAMVAD [DPR HARYANA],RO13,ROHTAK-,CO0,,,DCH0201900011399
CH0,51751,SA329SAM81,79539,17-12-19 12:00:00,"DIRECTOR GENERAL OF POLICE,HARYANA,[PANCHKULA]",SAMVAD [DPR HARYANA],RO13,ROHTAK-,CO0,,,DCH0201900011400
CH0,31465,SA329SAM81,79566,23-12-19 12:00:00,"M.D.,TOURISM DEVELOPMENT CORPORATION HARYANA, [CHANDIGARH]",SAMVAD [DPR HARYANA],CH26,CHANDIGARH-,CO0,,,DCH0201900011563
CH0,32422,SA329SAM81,79994,20-02-20 12:00:00,"EXECUTIVE ENGINEER HARYANA STATE AGRICUTURE MARKETING BOARD,[PANCHKULA ]",SAMVAD [DPR HARYANA],CH26,CHANDIGARH-,CO0,DCH0202000001486_20200225154442.pdf,,DCH0202000001486
CH0,62803,SA329SAM81,80624,12-04-20 12:00:00,"POLLUTION CONTROL BOARD, [PANCHKULA]",SAMVAD [DPR HARYANA],RO13,ROHTAK-,CO0,DCH0202000002634_20200704212817.pdf,,DCH0202000002634
CH0,107274,SA329SAM81,80822,09-05-20 12:00:00,"DIRECTOR AGRICULTURE KRISHI BHAWAN/21,[PANCHKULA]",SAMVAD [DPR HARYANA],CH26,CHANDIGARH-,CO0,DCH0202000003017_20200712175339.pdf,,DCH0202000003017
CH0,73327,SA329SAM81,81364,19-06-20 12:00:00,"DIRECTOR HORTICULTURE DEPTT. PANCHKULA,[HARYANA]",SAMVAD [DPR HARYANA],RO13,ROHTAK-,CO0,DCH0202000003788_20200809172313.pdf,,DCH0202000003788
CH0,80172,SA329SAM81,81424,24-06-20 12:00:00,"GENERAL MANAGER-CUM-SECRETARY,HARTRON,[CHANDIGARH] ,PANCHKULA",SAMVAD [DPR HARYANA],AU13,AU-DHM,CO0,DCH0202000003946_20200625152452.pdf,,DCH0202000003946
CH0,223207,SA329SAM81,81581,02-07-20 12:00:00,"DIRECTOR SCHEDULED CASTE & BACKWARD CLASS WELFARE DEPARTMENT PUN ,CHANDIGARH",SAMVAD [DPR HARYANA],CH26,CHANDIGARH-,CO0,DCH0202000004110_20200702205449.pdf,,DCH0202000004110
CH0,27405,SA329SAM81,81806,17-07-20 12:00:00,SECRETARY HARYANA PUBLIC SERVICE COMMISSION [PANCHKULA] [HRY.],SAMVAD [DPR HARYANA],CH26,CHANDIGARH-,B,DCH0202000004418_20200717183346.pdf,,DCH0202000004418
CH0,45119,SA329SAM81,82402,22-08-20 12:00:00,"HAFED, [PANCHKULA] ,PANCHKULA",SAMVAD [DPR HARYANA],CH26,CHANDIGARH-,CO0,DCH0202000005393_20200822184456.pdf,,DCH0202000005393
CH0,38522,SA329SAM81,82973,24-09-20 12:00:00,"HARYANA PUBLIC SERVICES COMMISSION, [PANCHKULA]",SAMVAD [DPR HARYANA],CH26,CHANDIGARH-,B,DCH0202000006202_20200925165136.pdf,,DCH0202000006202
CH0,154352,SA329SAM81,83083,01-10-20 12:00:00,"DIRECTOR URBAN LOCAL BODIES,[PANCHKULA] ,PANCHKULA",SAMVAD [DPR HARYANA],CH26,CHANDIGARH-,CO0,DCH0202000006363_20201003155706.pdf,,DCH0202000006363
CH0,181025,SA329SAM81,83084,01-10-20 12:00:00,"DIRECTOR PUBLIC HEALTH ENGGINERING WATER AND SANITATION SUPPORT ORG.  ,PANCHKULA",SAMVAD [DPR HARYANA],CH26,CHANDIGARH-,CO0,DCH0202000006362_20201003155634.pdf,,DCH0202000006362
CH0,17105,SA329SAM81,83229,14-10-20 12:00:00,"GURU JAMBHESHWAR  UNIVERSITY, HISAR",SAMVAD [DPR HARYANA],RO13,ROHTAK-,CO0,DCH0202000006591_20201101174359.pdf,,DCH0202000006591
CH0,38521,SA329SAM81,83276,18-10-20 12:00:00,"EXECUTIVE ENGINEER PUBLIC HEALTH ENGINEERING,[PANCHKULA]",SAMVAD [DPR HARYANA],CH26,CHANDIGARH-,CO0,DCH0202000006691_20201101190457.pdf,,DCH0202000006691
CH0,25565,SA329SAM81,1046/1/4,18-12-20 12:00:00,"DIRECTOR TECHNICAL EDUCATION PANCHKULA, [HARYANA]",SAMVAD [DPR HARYANA],CH26,CHANDIGARH-,CO0,DCH0202000008646_20201219140347.pdf,,DCH0202000008646
CH0,SU1462,SA329SAM81,1041/1/4,18-12-20 12:00:00,SUPERINTENDENT STATE ELECTION COMMISSION PANCHKULA,SAMVAD [DPR HARYANA],CH26,CHANDIGARH-,CO0,DCH0202000008658_20201219135358.pdf,,DCH0202000008658
CH0,79657,SA329SAM81,1156/1/4,30-12-20 12:00:00,"DIRECTOR SPORTS & YOUTH  WELFARE, [PANCHKULA] ,-",SAMVAD [DPR HARYANA],CH26,CHANDIGARH-,CO0,DCH0202000008932_20201231132325.pdf,,DCH0202000008932
CH0,74625,SA329SAM81,1186/1/4,31-12-20 12:00:00,"DEPUTY DIRECTOR INDUSTRIES COMMERCE, [ CHANDIGARH ]",SAMVAD [DPR HARYANA],CH26,CHANDIGARH-,CO0,DCH0202000008991_20210101150123.pdf,,DCH0202000008991
CH0,177247,SA329SAM81,1201/1/4,01-01-21 12:00:00,"MANAGING DIR. SCH. CASTE & FINANCE & DEV. CORP. LTD. ,[PANCHKULA]",SAMVAD [DPR HARYANA],CH26,CHANDIGARH-,CO0,DCH0202100000039_20210102143556.pdf,,DCH0202100000039
CH0,177034,SA329SAM81,1278/1/4,06-01-21 12:00:00,"NATIONAL HEALTH MISSION, PANCHKULA ,PANCHKULA",SAMVAD [DPR HARYANA],AU35,AU-CHD,CO0,DCH0202100000236_20210107140517.pdf,,DCH0202100000236
CH0,64560,SA329SAM81,1274/1/4,06-01-21 12:00:00,"ASSISTANT DIRECTOR, HIGHER EDUCATION,[ PANCHKULA]",SAMVAD [DPR HARYANA],AU35,AU-CHD,CO0,DCH0202100000230_20210107140940.pdf,,DCH0202100000230
CH0,133410,SA329SAM81,1323/1/4,08-01-21 12:00:00,"DIRECTOR NATIONAL HEALTH MISSION,[PANCHKULA]",SAMVAD [DPR HARYANA],AU35,AU-CHD,CO0,DCH0202100000302_20210109140121.pdf,,DCH0202100000302
CH0,3766,SA329SAM81,1359/1/4,11-01-21 12:00:00,"HARYANA AIDS CONTROL SOCIETY, PANCHKULA",SAMVAD [DPR HARYANA],AU35,AU-CHD,CO0,DCH0202100000373_20210112140623.pdf,,DCH0202100000373
CH0,63586,SA329SAM81,1360/1/6,11-01-21 12:00:00,"CIVIL SURGEON HEALTH, [ROHTAK]",SAMVAD [DPR HARYANA],AU27,AU-RTK,CO0,DCH0202100000378_20210112140308.pdf,,DCH0202100000378
CH0,4690,SA329SAM81,1416/1/4,15-01-21 12:00:00,"HARYANA STAFF SELECTION COMMISSION, CHANDIGARH",SAMVAD [DPR HARYANA],AU35,AU-CHD,B,DCH0202100000502_20210116141814.pdf,,DCH0202100000502
CH0,27956,SA329SAM81,1484/1/4,19-01-21 12:00:00,"FINANCIAL COMMISSIONER AND PRINCIPAL SECRETARY REVENUE AND DISASTER MAGT., [CHANDIGARH]",SAMVAD [DPR HARYANA],AU35,AU-CHD,CO0,DCH0202100000607_20210121140556.pdf,,DCH0202100000607
CH0,176165,SA329SAM81,1519/1/4,23-01-21 12:00:00,"DIRECTOR WOMEN AND CHILD DEVELOPMENT PANCHKULA ,PANCHKULA",SAMVAD [DPR HARYANA],AU35,AU-CHD,CO0,DCH0202100000712_20210125141619.pdf,,DCH0202100000712
CH0,124263,SA329SAM81,1597/1/4,29-01-21 12:00:00,"DIRECTOR GENERAL HEALTH,[PANCHKULA]",SAMVAD [DPR HARYANA],AU35,AU-CHD,CO0,DCH0202100000894_20210130153003.pdf,,DCH0202100000894
CH0,36734,SA329SAM81,1625/1/4,01-02-21 12:00:00,"DIRECTOR OF ENVIRONMENT,SECTOR -17-C, [ CHANDIGARH]",SAMVAD [DPR HARYANA],AU35,AU-CHD,CO0,DCH0202100000988_20210202150516.pdf,,DCH0202100000988
CH0,211891,SA329SAM81,1659/1/4,02-02-21 12:00:00,"MISSION DIRECTOR NATIONAL HEALTH MISSION PANCHKULA ,PANCHKULA",SAMVAD [DPR HARYANA],AU35,AU-CHD,CO0,DCH0202100001037_20210203135734.pdf,,DCH0202100001037
CH0,AD410,SA329SAM81,2019/1/4,02-03-21 12:00:00,ADDI. CHIEF CONSERVATOR OF FOREST WILDLIFE PANCHKU,SAMVAD [DPR HARYANA],AU35,AU-CHD,CO0,DCH0202100001825_20210303143819.pdf,,DCH0202100001825
CH0,HS3,SA329SAM81,2022/1/4,02-03-21 12:00:00,HSVP PANCHKULA,SAMVAD [DPR HARYANA],AU35,AU-CHD,CO0,DCH0202100001846_20210303161140.pdf,,DCH0202100001846
CH0,IN37,SA329SAM81,2008/1/4,02-03-21 12:00:00,INFORMATION PUBLIC RELATION AND LANGUAGES DEPPT.,SAMVAD [DPR HARYANA],AU35,AU-CHD,CO0,DCH0202100001805_20210303145255.pdf,,DCH0202100001805
CH0,30098,SA329SAM81,2050/1/4,04-03-21 12:00:00,"COMMISSIONER AND SECRETARY PUBLIC HEALTH ENGINEERING, [CHANDIGARH]",SAMVAD [DPR HARYANA],AU35,AU-CHD,CO0,DCH0202100001912_20210305145017.pdf,,DCH0202100001912
CH0,XE127,SA329SAM81,2670/1/4,21-04-21 12:00:00,XEN PROJECT DIV 1 IRRIGATION W.R DEPTT PANCHKULA,SAMVAD [DPR HARYANA],AU35,AU-CHD,CO0,2670-4_20210421190634.pdf,,DCH0202100003620
CH0,SE279,SA329SAM81,2718/1/4,23-04-21 12:00:00,SEC FINANCE DEPARTMENT CHANDIGARH,SAMVAD [DPR HARYANA],AU35,AU-CHD,CO0,2718-4_20210423202854.pdf,,DCH0202100003701
CH0,DI784,SA329SAM81,2721/1/4,24-04-21 12:00:00,DIVISIONAL WILDLIFE OFFICER PANCHKULA,SAMVAD [DPR HARYANA],AU35,AU-CHD,CO0,2721-1-4_20210424194627.pdf,,DCH0202100003726
CH0,DI726,SA329SAM81,2849/1/4,05-05-21 12:00:00,DIR. GEN TOWN & COUNTRY PLANNING HARYANA CHANDIGAR,SAMVAD [DPR HARYANA],AU35,AU-CHD,CO0,2849-1-4_20210505203115.pdf,,DCH0202100004005
CH0,GE145,SA329SAM81,3169/1/4,06-06-21 12:00:00,GENERAL MANAGER HSIIDC SEC 6 PANCHKULA,SAMVAD [DPR HARYANA],AU35,AU-CHD,CO0,DCH0202100004822_20210607143304.pdf,,DCH0202100004822
CH0,25058,SA329SAM81,3369/1/4,18-06-21 12:00:00,"CHIEF ADMINISTRATOR, HARYANA STATE AGRICULTURAL MARKETING BOARD, PANCHKULA, [HRY.]",SAMVAD [DPR HARYANA],AU35,AU-CHD,CO0,3369-1-4_20210618192217.pdf,,DCH0202100005129
CH0,CH1078,SA329SAM81,3388/1/4,18-06-21 12:00:00,CHIEF ADMINISTRATOR HSVP PANCHKULA,SAMVAD [DPR HARYANA],AU35,AU-CHD,CO0,3388-1-4_20210621160551.pdf,,DCH0202100005170
CH0,23127,SA329SAM81,3535/1/4,01-07-21 12:00:00,"DIRECTOR, TECHNICAL EDUCATION HARYANA, [PANCHKULA]",SAMVAD [DPR HARYANA],AU35,AU-CHD,CO0,3535-4_20210701201939.pdf,,DCH0202100005616
CH0,HA979,SA329SAM81,3564/1/4,02-07-21 12:00:00,HARYANA STATE HORTICULTURE DEVELOPMENT AGENCY,SAMVAD [DPR HARYANA],AU35,AU-CHD,CO0,3564-4_20210702192336.pdf,,DCH0202100005638
CH0,DI855,SA329SAM81,3773/1/4,16-07-21 12:00:00,DIR MSME HR,SAMVAD [DPR HARYANA],AU35,AU-CHD,CO0,3773-4_20210716194156.pdf,,DCH0202100006047
CH0,177729,SA329SAM81,4016/1/4,03-08-21 12:00:00,"HSIIDC PANCHKULA ,PANCHKULA",SAMVAD [DPR HARYANA],AU35,AU-CHD,CO0,4016-4_20210804202111.pdf,,DCH0202100006609
CH0,177742,SA329SAM81,4016/1/7,03-08-21 12:00:00,"HSIIDC SECTOR 6,PANCHKULA ,PANCHKULA",SAMVAD [DPR HARYANA],AU17,AU-NWD,CO0,4016-7_20210804202352.pdf,,DCH0202100006611
CH0,28448,SA329SAM81,4043/1/7,03-08-21 12:00:00,"DIRECTOR INFORMATION & PUBLIC RELATIONS, [CHANDIGARH] ,[HARYANA]",SAMVAD [DPR HARYANA],AU17,AU-NWD,CO0,4043-7_20210804204109.pdf,,DCH0202100006653
CH0,DI881,SA329SAM81,4116/1/4,09-08-21 12:00:00,DISTRICT PROGRAMME MANAGER HSRLM PANCHKULA,SAMVAD [DPR HARYANA],AU35,AU-CHD,CO0,4116-4_20210809194010.pdf,,DCH0202100006828
CH0,4687,SA329SAM81,4155/1/4,11-08-21 12:00:00,"HARYANA RENEWABLE ENERGY DEV AYUTHORITY, CHANDIGARH",SAMVAD [DPR HARYANA],AU35,AU-CHD,CO0,4155-4_20210811193056.pdf,,DCH0202100006899
CH0,3781,SA329SAM81,4181/1/4,12-08-21 12:00:00,"HOUSING BOARD, PANCHKULA",SAMVAD [DPR HARYANA],AU35,AU-CHD,B,4181-4_20210812212929.pdf,,DCH0202100006962
CH0,97769,SA329SAM81,4295/1/4,19-08-21 12:00:00,"DIRECTOR GENERAL TRANSPORT COMMISSIONER,STATE TRANSPORT,HARYANA[CHANDIGARH]",SAMVAD [DPR HARYANA],AU35,AU-CHD,CO0,4295-4_20210819203150.pdf,,DCH0202100007382
CH0,DE1223,SA329SAM81,4326/1/1,21-08-21 12:00:00,DEPUTY REGISTRAR HARYANA VISHWAKARMA SKILL UNIVERS,SAMVAD [DPR HARYANA],AU3,AU-JMU,B,4326-1_20210821175002.pdf,,DCH0202100007443
CH0,180422,SA329SAM81,4450/1/4,28-08-21 12:00:00,"HARYANA STATE INDUSTRIAL AND INFRASTUCTURE DEV. CORPN. LTD ,PANCHKULA",SAMVAD [DPR HARYANA],AU35,AU-CHD,B,4450-4_20210831155057.pdf,,DCH0202100007791
CH0,HA983,SA329SAM81,4743/1/4,15-09-21 12:00:00,HARYANA HEALTH PROTECTION AUTHORITY,SAMVAD [DPR HARYANA],AU35,AU-CHD,CO0,4743-4_20210915202306.pdf,,DCH0202100008427
CH0,DI290,SA329SAM81,4839/1/4,20-09-21 12:00:00,DIRECTOR SKILL DEVE.&INDUSTRIAL TRANING PANCHKULA,SAMVAD [DPR HARYANA],AU35,AU-CHD,CO0,4839-4_20210922155146.pdf,,DCH0202100008647
CH0,AS624,SA329SAM81,4955/1/4,27-09-21 12:00:00,ASSISTANT DIR. SKILL DEV.& INDUSTRIAL HRY PANCHKUL,SAMVAD [DPR HARYANA],AU35,AU-CHD,CO0,4955-4_20210927190506.pdf,,DCH0202100008931
CH0,105321,SA329SAM81,5136/1/4,10-10-21 12:00:00,"ENGINEER-IN-CHIEF PUBLIC HEALTH ENGINEER,[PANCHKULA]",SAMVAD [DPR HARYANA],AU35,AU-CHD,CO0,5136-4_20211010194918.pdf,,DCH0202100009391
CH0,CC6,SA329SAM81,5281/1/4,20-10-21 12:00:00,CCO VIDYUT NAGAR DHBVN HISAR,SAMVAD [DPR HARYANA],AU35,AU-CHD,CO0,5281-1-4 RO_20211020202258.pdf,,DCH0202100009737
CH0,187732,SA329SAM81,5302/1/7,21-10-21 12:00:00,"UTTAR HARYANA BIJLI VITRAN NIGAM LTD ,PANCHKULA",SAMVAD [DPR HARYANA],AU17,AU-NWD,CO0,5302-7_20211021202228.pdf,,DCH0202100009783
CH0,72548,SA329SAM81,5323/1/4,22-10-21 12:00:00,"COMMISSIONER LABOUR DEPARTMENT,[CHANDIGARH]",SAMVAD [DPR HARYANA],AU35,AU-CHD,CO0,5323-4_20211022194909.pdf,,DCH0202100009813
CH0,100412,SA329SAM81,5646/1/4,13-11-21 12:00:00,"CHIEF ELECTORAL OFFICER, HARYANA [CHANDIGARH] ,CHANDIGARH",SAMVAD [DPR HARYANA],AU35,AU-CHD,CO0,5646-1-4 RO_20211113182016.pdf,,DCH0202100010839
CH0,114240,SA329SAM81,5648/1/4,13-11-21 12:00:00,"DIRECTOR ELEMENTARY EDUCATION HARYANA,[PANCHKULA]",SAMVAD [DPR HARYANA],AU35,AU-CHD,CO0,5648-1-4 RO_20211113171406.pdf,,DCH0202100010829
CH0,169833,SA329SAM81,5649/1/4,13-11-21 12:00:00,"DEPARTMENT OF WOMEN & CHILD DEVELOPMENT ,PANCHKULA",SAMVAD [DPR HARYANA],AU35,AU-CHD,CO0,5649-1-4 RO_20211113181740.pdf,,DCH0202100010837
CH0,25411,SA329SAM81,5888/1/4,29-11-21 12:00:00,"DIRECTOR, HORTICULTURE DEPTT., [PANCHKULA] [HRY.]",SAMVAD [DPR HARYANA],AU35,AU-CHD,CO0,5888-4_20211129185441.pdf,,DCH0202100011543
CH0,SA3927,SA329SAM81,5958/1/4,02-12-21 12:00:00,"SAINIK & ARDH SAINIK WELFARE, KURUKSHETRA",SAMVAD [DPR HARYANA],AU35,AU-CHD,B,DCH0202100011701_20211216161226.pdf,,DCH0202100011701
CH0,116599,SA329SAM81,6000/1/4,04-12-21 12:00:00,"CHIEF ADMIN. HSAMB,[CHANDIGARH]",SAMVAD [DPR HARYANA],AU35,AU-CHD,CO0,6000-4_20211204194928.pdf,,DCH0202100011789
CH0,155517,SA329SAM81,6488/1/4,25-12-21 12:00:00,"ADDITIONAL CHIEF SECY. TO GOVT HR RURAL DEVELOPMENT DEPTT.,[CHANDIGARH] ,CHANDIGARH",SAMVAD [DPR HARYANA],AU35,AU-CHD,CO0,6488-4_20211225194438.pdf,,DCH0202100012681
CH0,HS0,SA329SAM81,6512/1/4,27-12-21 12:00:00,HSVP DIV. NO. 1 PANCHKULA,SAMVAD [DPR HARYANA],AU35,AU-CHD,B,DCH0202100012764_20220102191153.pdf,,DCH0202100012764
CH0,106288,SA329SAM81,6687/1/4,05-01-22 12:00:00,"DIRECTOR RENEWABLE DEVELOPMENT AGENCY,HAREDA,[CHANDIGARH ]",SAMVAD [DPR HARYANA],AU35,AU-CHD,CO0,6687-4_20220105195211.pdf,,DCH0202200000193
CH0,HE119,SA329SAM81,7192/1/4,29-01-22 12:00:00,"HEALTH PLUS, PANCHKULA",SAMVAD [DPR HARYANA],AU35,AU-CHD,CO0,DCH0202200000938_20220131154407.pdf,,DCH0202200000938
CH0,52466,SA329SAM81,7706/1/4,20-02-22 12:00:00,"ANIMAL HUSBANDRY,[PANCHKULA]",SAMVAD [DPR HARYANA],AU35,AU-CHD,CO0,7706-4_20220220200213.pdf,,DCH0202200001763
CH0,28090,SA329SAM81,7887/1/4,27-02-22 12:00:00,"HARYANA STATE COUNCIL FOR SCIENCE AND TECHNOLOGY, [PANCHKULA]",SAMVAD [DPR HARYANA],AU35,AU-CHD,CO0,7887-4_20220227201829.pdf,,DCH0202200002073
CH0,ME523,SA329SAM81,7907/1/4,28-02-22 12:00:00,MEMBER SECY CIVIL DEPENSARY PANCHKULA,SAMVAD [DPR HARYANA],AU35,AU-CHD,CO0,7907-4_20220228173224.pdf,,DCH0202200002115
CH0,128103,SA329SAM81,8395/1/7,17-03-22 12:00:00,"M.D. DAIRY DEV. CORP. FED. LTD.,[PANCHKULA] ,[PANCHKULA]",SAMVAD [DPR HARYANA],AU17,AU-NWD,CO0,8395-7_20220330161223.pdf,,DCH0202200003058
CH0,171967,SA329SAM81,8505/1/4,24-03-22 12:00:00,"STATE TB OFFICER,DIRECTOR GENERAL HEALTH SERVICES HARYANA ,PANCHKULA",SAMVAD [DPR HARYANA],AU35,AU-CHD,CO0,8505-4_20220324211840.pdf,,DCH0202200003388
CH0,64869,SA329SAM81,9212/1/4,25-04-22 12:00:00,"EXECUTIVE ENGINEER IRRIGATION DEPARTMENT, [PANCHKULA]",SAMVAD [DPR HARYANA],AU35,AU-CHD,CO0,9212-1-4_20220425194044.pdf,,DCH0202200004885
CH0,32420,SA329SAM81,9297/1/4,28-04-22 12:00:00,"CHIEF TOWN PLANNER, HARYANA URBAN DEVELOPMENT AUTHORITY, [CHANDIGARH]",SAMVAD [DPR HARYANA],AU35,AU-CHD,CO0,9297-4_20220428201501.pdf,,DCH0202200005005
CH0,155803,SA329SAM81,10120/1/4,04-06-22 12:00:00,"PRINCIPAL SECRY. ENVIRONMENT HARYANA,[CHANDIGARH] ,CHANDIGARH",SAMVAD [DPR HARYANA],AU35,AU-CHD,CO0,10120-4_20220604191543.pdf,,DCH0202200006515
CH0,3870,SA329SAM81,1135/13/4/2023/10659/1/4,28-06-22 12:00:00,"UTTAR HARYANA BIJLI VITRAN NIGAM, PANCHKULA",SAMVAD [DPR HARYANA],AU35,AU-CHD,CO0,10659-4_20220628215001.pdf,,DCH0202200007409
CH0,48128,SA329SAM81,1065/13/5/2023/11611/1/4,03-08-22 12:00:00,"INDUSTRIAL TRAINING & VOCATIONAL EDUCATION, [HARYANA]",SAMVAD [DPR HARYANA],AU35,AU-CHD,CO0,11611-4_20220803203052.pdf,,DCH0202200008863
CH0,32020,SA329SAM81,1119/13/2/2023/11720/1/4,08-08-22 12:00:00,DEPUTY TRANSPORT CONTROLLER TRANSPORT COMMISSONER HARYANA [CHANDIGARH],SAMVAD [DPR HARYANA],AU35,AU-CHD,CO0,11720-4_20220808194612.pdf,,DCH0202200009066
CH0,28043,SA329SAM81,1212/13/6/2023/11903/1/4,16-08-22 12:00:00,"DIRECTOR RENEWABLE ENERGY DEVELOPMENT AGENCY,[CHANDIGARH]",SAMVAD [DPR HARYANA],AU35,AU-CHD,CO0,11903-4_20220816192715.pdf,,DCH0202200009383
CH0,165846,SA329SAM81,2238/13/1/2023/11986/1/6,18-08-22 12:00:00,"HARYANA STATE TECHNICAL EDUCATION SOCIETY ,PANCHKULA",SAMVAD [DPR HARYANA],AU40,AU-RTK,CO0,11986-6_20220818201920.pdf,,DCH0202200009509
CH0,DI1161,SA329SAM81,1006/13/3/2023/11992/1/4,21-08-22 12:00:00,DIR ANIMAL HUSBANDRY AND DAIRYING PANCHKULA,SAMVAD [DPR HARYANA],AU35,AU-CHD,CO0,11992-1-4 RO_20220821175425.pdf,,DCH0202200009585
CH0,SE458,SA329SAM81,1063/13/12/2023/12331/1/4,02-09-22 12:00:00,SECRETARY HOUSINGH BOARD PANCHKULA,SAMVAD [DPR HARYANA],CH31,CHANDIGARH,B,12331-4_20220902211711.pdf,,DCH0202200010203
CH0,1080,SA329SAM81,2249/13/2/2023/13655/1/4,10-11-22 12:00:00,HARYANA WATER RESOURCES AUTHORITY PANCHKULA,SAMVAD [DPR HARYANA],CH31,CHANDIGARH,CO0,13655-4_20221110203433.pdf,,DCH0202200012699
CH0,199745,SA329SAM81,1143/13/2/2023/13676/1/4,11-11-22 12:00:00,"URBAN LOCAL BODIES [CHANDIGARH] ,CHANDIGARH",SAMVAD [DPR HARYANA],CH31,CHANDIGARH,CO0,13676-4_20221111201209.pdf,,DCH0202200012732
CH0,26792,SA329SAM81,1135/13/5/2023/13985/1/4,25-11-22 12:00:00,"CHIEF COMMUNICATION UTTAR HARYANA BIJALI VITRAN NIGAM LTD., [PANCHKULA]",SAMVAD [DPR HARYANA],CH31,CHANDIGARH,CO0,13985-4_20221125204809.pdf,,DCH0202200013186
CH0,DI780,SA329SAM81,1066/13/10/2023/14170/1/4,05-12-22 12:00:00,DIR INDUSTRIES & COMMERCE CHANDIGARH,SAMVAD [DPR HARYANA],CH31,CHANDIGARH,CO0,14170-4_20221205200955.pdf,,DCH0202200013444
CH0,ST722,SA329SAM81,1160/13/1/2023/14995/1/4,12-01-23 12:00:00,STATE TRANSPORT CONTROLLER HRY CHANDIGARH,SAMVAD [DPR HARYANA],CH31,CHANDIGARH,CO0,14995-4_20230112205647.pdf,,DCH0202300000351
CH0,HA1226,SA329SAM81,2254/13/1/2023/15139/1/4,20-01-23 12:00:00,HARYANA KAUSHAL ROZGAR NIGAM LIMITED PANCHKULA,SAMVAD [DPR HARYANA],CH31,CHANDIGARH,CO0,15139-4_20230120175748.pdf,,DCH0202300000607
CH0,SU2280,SA329SAM81,1084/13/4/2023/16280/1/6,23-01-23 12:00:00,SUPERINTENDENT OF POLICE KARNAL,SAMVAD [DPR HARYANA],AU34,AU-KNL,CO0,16280-6_20230313205947.pdf,,DCH0202300002347
CH0,59896,SA329SAM81,1004/13/78/2023/16121/1/4,05-03-23 12:00:00,"DIRECTOR AGRICULTURE DEPARTMENT , [PANCHKULA ]",SAMVAD [DPR HARYANA],CH31,CHANDIGARH,CO0,DCH0202300002082_20230323153438.pdf,,DCH0202300002716
CH0,83709,SA329SAM81,1043/13/4/2023/16227/1/4,10-03-23 12:00:00,"CHIEF CONSERVATOR OF FORESTS DEPTT.,[PANCHKULA]",SAMVAD [DPR HARYANA],CH31,CHANDIGARH,CO0,16227-4_20230310192307.pdf,,DCH0202300002245
CH0,28608,SA329SAM81,1063/13/31/2023/16532/1/4,22-03-23 12:00:00,"CHIEF ADMINISTRATOR HOUSING BOARD HARYANA, [PANCHKULA]",SAMVAD [DPR HARYANA],CH31,CHANDIGARH,CO0,16532-4_20230323164443.pdf,,DCH0202300002721
CH0,45799,SA329SAM81,1099/13/6/2024/17476/1/4,01-05-23 12:00:00,"DIRECTOR COUNCIL FOR SCIENCE & TECHNOLOGY, [PANCHKULA]",SAMVAD [DPR HARYANA],CH31,CHANDIGARH,CO0,17476-4_20230501193840.pdf,,DCH0202300003894
CH0,128924,SA329SAM81,1143/13/5/2024/17490/1/4,02-05-23 12:00:00,"DIRECTOR URBAN LOCAL BODIES,[CHANDIGARH]",SAMVAD [DPR HARYANA],CH31,CHANDIGARH,CO0,17490-4_20230502204005.pdf,,DCH0202300003940
CH0,145235,SA329SAM81,2219/13/2/2024/18052/1/9,23-05-23 12:00:00,"DEPUTY REGISTRAR, TACHNICAL EDUCATION SUPVA, ROHTAK, HARYANA,[ROHTAK] ,ROHTAK",SAMVAD [DPR HARYANA],AU43,AU-LKN,CO0,18052-9_20230523193149.pdf,,DCH0202300004658
CH0,110327,SA329SAM81,1069/13/5/2024/18472/1/4,08-06-23 12:00:00,"GENERAL MANAGER IRRIGATION DEPTT. SINCHAI BHAWAN,[PANCHKULA]",SAMVAD [DPR HARYANA],CH31,CHANDIGARH,CO0,18472-4_20230608173123.pdf,,DCH0202300005269
CH0,132447,SA329SAM81,1148/13/1/2024/18570/1/4,13-06-23 12:00:00,"DIRECTOR GENERAL HIPA,[GURGAON]",SAMVAD [DPR HARYANA],CH31,CHANDIGARH,CO0,18570-4_20230613192220.pdf,,DCH0202300005484
CH0,100487,SA329SAM81,1167/13/3/2024/18907/1/4,23-06-23 12:00:00,HARYANA STATE AIDS CONTROL SOCIETY [PANCHKULA],SAMVAD [DPR HARYANA],CH31,CHANDIGARH,CO0,18907-4_20230625164948.pdf,,DCH0202300005933
CH0,200220,SA329SAM81,1031/13/2/2024/18938/1/4,26-06-23 12:00:00,"DIR. GENERAL HIGHER EDUCATION ,PANCHKULA",SAMVAD [DPR HARYANA],CH31,CHANDIGARH,CO0,18938-4_20230626173330.pdf,,DCH0202300005946
CH0,1658,SA329SAM81,2208/13/6/2024/18989/1/4,28-06-23 12:00:00,DEPUTY REG SHRI VISHWAKARMA SKILL UNIVERSITY PALWA,SAMVAD [DPR HARYANA],CH31,CHANDIGARH,B,18989-4_20230628202817.pdf,,DCH0202300006077
CH0,57174,SA329SAM81,1041/13/1/2024/20342/1/4,17-08-23 12:00:00,"DIRECTOR  OF FISHERIES DEPARTMENT,[ PANCHKULA]",SAMVAD [DPR HARYANA],CH31,CHANDIGARH,CO0,20342-4_20230818181222.pdf,,DCH0202300007863
CH0,28298,SA329SAM81,1058/13/16/2024/20716/1/4,01-09-23 12:00:00,"DIRECTOR GENERAL HEALTH SERVICES, [PANCHKULA]",SAMVAD [DPR HARYANA],CH31,CHANDIGARH,CO0,20716-4_20230901171445.pdf,,DCH0202300008478
CH0,DE2041,SA329SAM81,2246/13/1/2024/21111/1/4,17-09-23 12:00:00,DEPARTMENT OF HOUSING FOR ALL HRY PANCHKULA,SAMVAD [DPR HARYANA],CH31,CHANDIGARH,CO0,21111-4_20230917162122.pdf,,DCH0202300009131
CH0,51246,SA329SAM81,2225/13/2/2024/21474/1/6,28-09-23 12:00:00,"MISSION DIRECTOR HORTICULTURE,[PANCHKULA]",SAMVAD [DPR HARYANA],AU34,AU-KNL,CO0,21474-6_20230928173421.pdf,,DCH0202300009512
CH0,CH284,SA329SAM81,1034/13/21/2024/21698/1/4,06-10-23 12:00:00,CHIEF ELECTORAL OFFICER CHANDIGARH,SAMVAD [DPR HARYANA],CH31,CHANDIGARH,CO0,21698-4_20231006195935.pdf,,DCH0202300009857
CH0,212945,SA329SAM81,1097/13/2/2024/23208/1/4,06-12-23 12:00:00,"SAINIK SAMMAN SAMITI ,PANCHKULA",SAMVAD [DPR HARYANA],CH31,CHANDIGARH,B,"23208-4_20231206204840.pdf,Re Fwd revised Flag Day_20231206205331.pdf,revised Flag Day advt 16x22cm Hindi_20231208114053.htm",,DCH0202300012117
CH0,135389,SA1254SAM190,1284/11/450/2024/23567/C/1/4,20-12-23 12:00:00,"EXECUTIVE OFFICER MARKET COMMITTEE,[PANCHKULA]",SAMVAD[M],CH31,CHANDIGARH,B,RO 23567-4_20240109193629.pdf,,DCH0202400000312
CH0,CH1087,SA1254SAM190,1026/11/120/2024/23610/C/1/6,21-12-23 12:00:00,CHIEF EXECUTIVE OFFICER DAIRY DEV COOP FED LTD KUR,SAMVAD[M],AU34,AU-KNL,B,RO 23610-6_20240109194125.pdf,,DCH0202400000315
CH0,26915,SA1254SAM190,1235/11/114/2024/23780/C/1/2,28-12-23 12:00:00,"M.D.UNIVERSITY, [ROHTAK] [HARYANA]",SAMVAD[M],DH8,DHARAMSHALA,B,23780-2_20231228174914.pdf,,DCH0202300012738
CH0,77264,SA329SAM81,1037/13/2/2024/23816/1/4,29-12-23 12:00:00,"COMMISSIONER,EXCISE & TAXATION, [PANCHKULA]",SAMVAD [DPR HARYANA],CH31,CHANDIGARH,CO0,23816-4_20231230181655.pdf,,DCH0202300012792
CH0,CH1135,SA1254SAM190,1236/11/28/2024/24011/C/1/4,08-01-24 12:00:00,CHAUDHARY DEVI LAL UNIVERSITY SIRSA,SAMVAD[M],CH31,CHANDIGARH,B,24011-4_20240108175231.pdf,,DCH0202400000253
CH0,EX121,SA1254SAM190,1083/11/138/2024/24060/C/1/4,09-01-24 12:00:00,EXECUTIVE OFFICER HSVP AMBALA,SAMVAD[M],CH31,CHANDIGARH,B,24060-4_20240109191512.pdf,,DCH0202400000307
CH0,147927,SA1254SAM190,1401/11/48/2024/24115/C/1/4,11-01-24 12:00:00,"CHAUDHRY BANSI LAL UNIVERSITY,[BHIWANI] ,BHIWANI",SAMVAD[M],CH31,CHANDIGARH,B,24115-4_20240111173056.pdf,,DCH0202400000367
CH0,157793,SA1254SAM190,2233/11/21/2024/24155/C/1/4,12-01-24 12:00:00,"HARYANA STATE RURAL LIVELIHOOD MISSION ,PANCHKULA",SAMVAD[M],CH31,CHANDIGARH,B,24155-4_20240112172025.pdf,,DCH0202400000398
CH0,87028,SA1254SAM190,1305/11/76/2024/24261/C/1/4,18-01-24 12:00:00,LALA LAJPAT RAI UNIVERSITY OF VATERINARY AND ANIMA [HISAR],SAMVAD[M],CH31,CHANDIGARH,B,24261-4_20240118175258.pdf,,DCH0202400000558
CH0,126381,SA1254SAM190,1264/11/7/2024/24331/C/1/4,19-01-24 12:00:00,"GENERAL MANAGER GOLF CLUB,[PANCHKULA]",SAMVAD[M],CH31,CHANDIGARH,B,24331-4_20240119171047.pdf,,DCH0202400000604
CH0,HA1005,SA1254SAM190,2211/11/10/2024/24473/C/1/4,25-01-24 12:00:00,HARYANA MASS RAPID TRANSPORT CORPORATION LTD CHD,SAMVAD[M],CH31,CHANDIGARH,B,24473-4_20240125174924.pdf,,DCH0202400000801
CH0,MA3629,SA1254SAM190,1235/11/116/2024/24451/C/1/4,25-01-24 12:00:00,MAHARISHI DAYANAND UNIVERSITY ROHTAK,SAMVAD[M],CH31,CHANDIGARH,B,24451-4_20240125172809.pdf,,DCH0202400000794
CH0,SO96,SA329SAM81,1104/13/3/2024/24494/1/4,27-01-24 12:00:00,SOCIAL JUSTICE & EMPOWERMENT PANCHKULA,SAMVAD [DPR HARYANA],CH31,CHANDIGARH,CO0,24494_20240127225526.pdf,,DCH0202400000869
CH0,122501,SA1254SAM190,1237/11/86/2024/24624/C/1/6,01-02-24 12:00:00,"GURU JAMBHESHWAR UNIVERSITY OF SCIENCE & TECHNOLOY,[HISAR]",SAMVAD[M],AU41,AU-HSR,B,24624-6_20240201172920.pdf,,DCH0202400001010
CH0,HS2,SA1254SAM190,1083/11/141/2024/24688/C/1/7,02-02-24 12:00:00,HSVP GURGRAM,SAMVAD[M],AU17,AU-NWD,B,24688-7_20240202201132.pdf,,DCH0202400001085
CH0,621,SA1254SAM190,1284/11/472/2024/24764/C/1/6,06-02-24 12:00:00,SEC CUM EXE OFFICER MARKET COMMITTEE RADAUR YAMUNA,SAMVAD[M],AU34,AU-KNL,B,24764-6_20240206182907.pdf,,DCH0202400001148
CH0,193962,SA329SAM81,2205/13/2/2024/24920/1/4,09-02-24 12:00:00,"HARYANA SARASVATI HERITAGE DEVELOPMENT BOARD ,PANCHKULA",SAMVAD [DPR HARYANA],CH31,CHANDIGARH,CO0,24920-4_20240209222442.pdf,,DCH0202400001338
CH0,HA842,SA1254SAM190,2232/11/22/2024/25053/C/1/4,16-02-24 12:00:00,HARYANA STATE BOARD OF TECHNICAL EDU. PANCHKULA,SAMVAD[M],CH31,CHANDIGARH,B,25053-4_20240216175926.pdf,,DCH0202400001522
CH0,171220,SA1254SAM190,1078/11/430/2024/25117/C/1/6,19-02-24 12:00:00,"COMMISSIONER MUNICIPAL CORPORATION URBAN DEVELOPMENT ,ROHTAK ",SAMVAD[M],AU40,AU-RTK,B,25117-6_20240219200506.pdf,,DCH0202400001631
CH0,27931,SA329SAM81,1212/13/14/2024/25131/1/4,19-02-24 12:00:00,"DIRECTOR RENEWABLE ENERGY DEVELOPMENT AGENCY, [CHANDIGARH]",SAMVAD [DPR HARYANA],CH31,CHANDIGARH,CO0,25131-4_20240219192023.pdf,,DCH0202400001590
CH0,MU585,SA1254SAM190,1078/11/431/2024/25171/C/1/6,20-02-24 12:00:00,MUNICIPAL COMMITTEE KALANAUR ROHTAK,SAMVAD[M],AU40,AU-RTK,B,25171-6_20240220193251.pdf,,DCH0202400001687
CH0,158589,SA1254SAM190,1284/11/492/2024/25205/C/1/6,21-02-24 12:00:00,"OFFICE OF MARKET COMMITTEE, RADAUR,[YAMUNA NAGAR] ,RADAUR",SAMVAD[M],AU34,AU-KNL,B,25205-6_20240221192903.pdf,,DCH0202400001710
CH0,169672,SA329SAM81,1058/13/28/2024/25306/1/7,22-02-24 12:00:00,"DIRECTOR MEDICAL EDUCATION & RESEARCH HARYANA ,PANCHKULA",SAMVAD [DPR HARYANA],AU17,AU-NWD,CO0,25306-7_20240321174657.pdf,,DCH0202400001847
CH0,26727,SA1254SAM190,1078/11/433/2024/25215/C/1/4,22-02-24 12:00:00,"EXECUTIVE OFFICER,MUNICIPAL COUNCIL URBAN DEVELOPMENT, [PANCHKULA]",SAMVAD[M],CH31,CHANDIGARH,B,25215-4_20240222170944.pdf,,DCH0202400001733
CH0,24987,SA1254SAM190,1012/11/35/2024/25244/C/1/6,24-02-24 12:00:00,"SECRETARY, HARYANA BOARD OF SCHOOL EDUCATION, [BHIWANI [HRY.]",SAMVAD[M],AU41,AU-HSR,B,25244-6_20240224163901.pdf,,DCH0202400001853
CH0,DI1517,SA329SAM81,1010/13/2/2024/25310/1/4,24-02-24 12:00:00,DIRECTORATE OF AYUSH HARYANA PANCHKULA,SAMVAD [DPR HARYANA],CH31,CHANDIGARH,CO0,25310-1-4_20240224215400.pdf,,DCH0202400001868
CH0,99767,SA1254SAM190,1078/11/436/2024/25314/C/1/6,26-02-24 12:00:00,"DEPUTY COMM. M.C. URBAN DEVELOPMENT,[HISAR]",SAMVAD[M],AU41,AU-HSR,B,25314-6_20240226172338.pdf,,DCH0202400001880
CH0,EX334,SA1254SAM190,1078/11/438/2024/25420/C/1/4,28-02-24 12:00:00,EXECUTIVE OFFICER M.C URBAN DEVELOPMENT PANCHKULA,SAMVAD[M],CH31,CHANDIGARH,B,25420-4_20240228172907.pdf,,DCH0202400001990
CH0,222410,SA1254SAM190,2216/11/151/2024/25549/C/1/7,01-03-24 12:00:00,"REAL ESTATE REGULATORY AUTHORITY ,PANCHKULA",SAMVAD[M],AU17,AU-NWD,B,25549-7_20240301185459.pdf,,DCH0202400002105
CH0,SE430,SA1254SAM190,1284/11/503/2024/25581/C/1/4,04-03-24 12:00:00,SEC CUM EXE OFFICER MARKET COMMITTEE KUNJPURA KARN,SAMVAD[M],CH31,CHANDIGARH,B,25581-4_20240304193344.pdf,,DCH0202400002168
CH0,SE338,SA1254SAM190,1284/11/510/2024/25724/C/1/4,07-03-24 12:00:00,SEC. EXE OFFICER MARKET COMMITTEE NIGDHU KARNAL,SAMVAD[M],CH31,CHANDIGARH,B,25724-4_20240307201122.pdf,,DCH0202400002289
CH0,25950,SA329SAM81,1058/13/30/2026/25733/1/4,08-03-24 12:00:00,"DIRECTOR HEALTH DEPTT., [PANCHKULA] [HARYANA]",SAMVAD [DPR HARYANA],CH31,CHANDIGARH,CO0,25733-4_20240308211804.pdf,,DCH0202400002323
CH0,UR123,SA1254SAM190,1078/11/444/2024/25911/C/1/6,14-03-24 12:00:00,URBAN DEVELOPMENT M.C HISAR,SAMVAD[M],AU41,AU-HSR,B,25911-6_20240314191513.pdf,,DCH0202400002492
CH0,124041,SA1254SAM190,1078/11/447/2024/26009/C/1/7,15-03-24 12:00:00,"URBAN DEVELOPMENT, M.C,[GURGAON] ,[GURGAON]",SAMVAD[M],AU17,AU-NWD,B,26009-7_20240315215345.pdf,,DCH0202400002585
CH0,137437,SA1254SAM190,1026/11/132/2024/26013/C/1/7,15-03-24 12:00:00,"OFFICER DAIRY DEV. COOP. FED. LTD. BALLABHGARH,[FARIDABAD]",SAMVAD[M],AU17,AU-NWD,B,26013-7_20240315215508.pdf,,DCH0202400002586
CH0,159021,SA1254SAM190,1078/11/445/2024/25988/C/1/6,15-03-24 12:00:00,"MUNICIPAL COMMITTEE, UKLANA ,UKLANA",SAMVAD[M],AU41,AU-HSR,B,25988-6_20240315213351.pdf,,DCH0202400002565
CH0,114449,SA1254SAM190,1078/11/448/2025/26092/C/1/6,10-04-24 12:00:00,"SECRETRY URBAN DEVELOPMENT, MC,[KALANOUR]",SAMVAD[M],AU40,AU-RTK,B,26092-6_20240410191434.pdf,,DCH0202400002919
CH0,82808,SA329SAM81,1037/13/4/2025/26149/1/4,23-04-24 12:00:00,"EXCISE & TAXATION COMMISSIONER,[PANCHKULA]",SAMVAD [DPR HARYANA],CH31,CHANDIGARH,CO0,26149-4_20240423175849.pdf,,DCH0202400003065
CH0,5476,SA329SAM81,1172/13/1/2025/26323/1/4,16-05-24 12:00:00,"HARYANA STATE LEGAL SERVICES AUTHORITY, CHANDIGARH",SAMVAD [DPR HARYANA],CH31,CHANDIGARH,CO0,26323-4_20240516194208.pdf,,DCH0202400003449
CH0,145261,SA1254SAM190,1240/11/33/2025/26346/C/1/4,20-05-24 12:00:00,"DEEN BANDHU CHOTU RAM UNIVERSITY OF SCI. and TECH., MURTHAL",SAMVAD[M],CH31,CHANDIGARH,B,26346-4_20240520173456.pdf,,DCH0202400003513
CH0,58560,SA1254SAM190,1238/11/82/2025/26390/C/1/4,23-05-24 12:00:00,"KURUKSHETRA UNIVERSITY KURUKSHETRA, [KURUKSHETRA]",SAMVAD[M],CH31,CHANDIGARH,B,26390-4_20240523180328.pdf,,DCH0202400003578
CH0,3593,SA1254SAM190,1039/11/67/2025/26599/C/1/7,11-06-24 12:00:00,MANAGING DIR FED. OF COOP. SUGAR MILLS LTD PALWAL,SAMVAD[M],AU17,AU-NWD,B,26599-7_20240611164346.pdf,,DCH0202400003912
CH0,91925,SA1254SAM190,1243/11/105/2025/26758/C/1/4,13-06-24 12:00:00,"SECRETARY, ELECTRICITY REGULATORY COMMISSION [PANCHKULA]",SAMVAD[M],CH31,CHANDIGARH,B,26758-4_20240613181745.pdf,,DCH0202400004031
CH0,ST909,SA329SAM81,2272/13/1/2025/26759/1/4,13-06-24 12:00:00,STATE BLOOD TRANSFUSION COUNCIL PANCHKULA,SAMVAD [DPR HARYANA],CH31,CHANDIGARH,CO0,26759-4_20240613194438.pdf,,DCH0202400004045
CH0,172791,SA1254SAM190,1401/11/50/2025/26772/C/1/4,14-06-24 12:00:00,"VICE CHANCELLOR CHAUDHARY BANSI LAL UNIVERSITY BHIWANI ,BHIWANI",SAMVAD[M],CH31,CHANDIGARH,B,26772-4_20240614183337.pdf,,DCH0202400004069
CH0,129745,SA1254SAM190,1078/11/480/2025/26850/C/1/6,18-06-24 12:00:00,"SECY. URBAN DEVELOPMENT M.C.,[SIRSA]",SAMVAD[M],AU41,AU-HSR,B,26850-6_20240618171006.pdf,,DCH0202400004174
CH0,145332,SA1254SAM190,1240/11/34/2025/26851/C//1/4,18-06-24 12:00:00,"DEEN BANDHU CHOTU RAM UNIVERSITY OF SCI. AND TECH., MURTHAL,[SON",SAMVAD[M],CH31,CHANDIGARH,B,26851-4_20240618185839.pdf,,DCH0202400004204
CH0,49735,SA1254SAM190,1078/11/483/2025/26962/C/1/7,19-06-24 12:00:00,"EXECUTIVE ENGINEER URBAN DEVELOPMENT M.C.,[GURGAON]",SAMVAD[M],AU17,AU-NWD,B,26962-7_20240619192634.pdf,,DCH0202400004252
CH0,113155,SA1254SAM190,1078/11/486/2025/27028/C/1/7,21-06-24 12:00:00,"EXECUTIVE OFFICER URBAN DEVELOPMENT, M.C,[PALWAL]",SAMVAD[M],AU17,AU-NWD,B,27028-7_20240621171735.pdf,,DCH0202400004308
CH0,179296,SA1254SAM190,1078/11/491/2025/27156/C/1/6,25-06-24 12:00:00,"COMMISSIONER URBAN DEVELOPMENT M.C. ROHTAK  ,ROHTAK",SAMVAD[M],AU40,AU-RTK,B,27156-6_20240625184100.pdf,,DCH0202400004446
CH0,42489,SA1254SAM190,1078/11/490/2025/27155/C/1/4,25-06-24 12:00:00,"ESTATE OFFICER HARYANA URBAN DEVELOPMENT,[PANCHKULA]",SAMVAD[M],CH31,CHANDIGARH,B,27155-4_20240625183759.pdf,,DCH0202400004443
CH0,EX355,SA1254SAM190,1078/11/489/2025/27142/C/1/6,25-06-24 12:00:00,EXECUTIVE OFFICER URBAN DEVELOPMENT M.C UKLANA,SAMVAD[M],AU41,AU-HSR,B,27142-6_20240625185611.pdf,,DCH0202400004454
CH0,32358,SA1254SAM190,1202/11/33/2025/27200/C/1/4,26-06-24 12:00:00,"CHIEF EXECUTIVE OFFICER SHRI MATA MANSA DEVI SHIRINE BOARD,[PANCHKULA]",SAMVAD[M],CH31,CHANDIGARH,B,27200-4_20240626193243.pdf,,DCH0202400004513
CH0,135523,SA1254SAM190,1240/11/36/2025/27258/C/1/4,28-06-24 12:00:00,"DEEN BANDHU CHOTU RAM UNIVERSITY OF SCI. & TECH., MURTHAL[SONIPA",SAMVAD[M],CH31,CHANDIGARH,B,27258-4_20240628200645.pdf,,DCH0202400004600
CH0,31548,SA1254SAM190,1187/11/14/2025/27260/C/1/6,28-06-24 12:00:00,"PUBLIC RELATION OFFICER, HPGCL,PANCHKULA, [PANCHKULA]",SAMVAD[M],AU40,AU-RTK,B,27260-6_20240628200348.pdf,,DCH0202400004598
CH0,MA73,SA1254SAM190,1284/11/558/2025/27295/C/1/6,28-06-24 12:00:00,MARKET COMMITTEE KARNAL,SAMVAD[M],AU34,AU-KNL,B,27295-6_20240628194107.pdf,,DCH0202400004577
CH0,SE316,SA1254SAM190,1284/11/562/2025/27321/C/1/6,01-07-24 12:00:00,SECY. CUM EXE OFFICER MARKET COMMITTEE LADWA,SAMVAD[M],AU34,AU-KNL,B,27321-6_20240701193048.pdf,,DCH0202400004659
CH0,CO635,SA1254SAM190,1078/11/498/2025/27471/C/1/6,02-07-24 12:00:00,COMMISSIONER MUNICIPAL CORPORATION KARNAL,SAMVAD[M],AU34,AU-KNL,B,27471-6_20240704172339.pdf,,DCH0202400004784
CH0,135462,SA1254SAM190,1284/11/576/2025/27556/C/1/6,08-07-24 12:00:00,"MARKET COMMITTEE NILOKHARI,[KARNAL]",SAMVAD[M],AU34,AU-KNL,B,27556-6_20240708193628.pdf,,DCH0202400004913
CH0,28604,SA329SAM81,1099/13/7/2025/27608/1/4,08-07-24 12:00:00,"DIRECTOR, COUNCIL FOR SCIENCE & TECHNOLOGY, [PANCHKULA] [HARYANA]",SAMVAD [DPR HARYANA],CH31,CHANDIGARH,CO0,27608-4_20240708204536.pdf,,DCH0202400004951
CH0,CH2069,SA1254SAM190,2251/11/8/2025/27594/C/1/4,08-07-24 12:00:00,CHIEF ACCOUNTS OFFICER HARYANA PARIWAR PEHCHAN AUT,SAMVAD[M],CH31,CHANDIGARH,B,27594-4_20240708195214.pdf,,DCH0202400004922
CH0,122453,SA1254SAM190,1078/11/506/2025/27735/C/1/7,12-07-24 12:00:00,"MUNICIPAL CORPORATION,[GURGAON]",SAMVAD[M],AU17,AU-NWD,B,27735-7_20240712183144.pdf,,DCH0202400005110
CH0,64561,SA1254SAM190,1284/11/595/2025/27849/C/1/6,16-07-24 12:00:00,"SECRETARY MARKET COMMITEE PEHOWA, [KURUKSHETRA]",SAMVAD[M],AU34,AU-KNL,B,27849-6_20240716220335.pdf,,DCH0202400005257
CH0,JO212,SA1254SAM190,1078/11/512/2025/27904/C/1/6,17-07-24 12:00:00,JOINT COMMISSIONER URBAN DEV M.C HISAR,SAMVAD[M],AU41,AU-HSR,B,27904-6_20240717172624.pdf,,DCH0202400005268
CH0,CO827,SA1254SAM190,1078/11/516/2025/28027/C/1/6,19-07-24 12:00:00,COMMISSIONER M.C URBAN DEV SONIPAT,SAMVAD[M],AU40,AU-RTK,B,28027-6_20240719192853.pdf,,DCH0202400005376
CH0,MA2423,SA1254SAM190,1284/11/625/2025/28098/C/1/6,23-07-24 12:00:00,"MARKET COMMITTEE, BAPOLI",SAMVAD[M],AU34,AU-KNL,B,28098-6_20240723195736.pdf,,DCH0202400005581
CH0,175308,SA1254SAM190,1078/11/521/2025/28183/C/1/6,24-07-24 12:00:00,"COMMISSIONER MUNICIPAL CORPORATION URBAN DEVELOPMENT KARNAL ,KARNAL",SAMVAD[M],AU34,AU-KNL,B,DCH0202400005635_20240727161805.pdf,,DCH0202400005635
CH0,178802,SA1254SAM190,1284/11/632/2025/28205/C/1/6,25-07-24 12:00:00,"SECRETARY-CUM EXECUTIVE OFFICER, MARKET COMMITTEE, ISMAELABAD, K , KURUKSHETRA",SAMVAD[M],AU34,AU-KNL,B,28205-6_20240725175637.pdf,,DCH0202400005675
CH0,GM53,SA1254SAM190,1184/11/55/2025/28323/C/1/4,29-07-24 12:00:00,GM THE PANIPAT CENTRAL CO OPERATIVE BANK LTD PANIP,SAMVAD[M],CH31,CHANDIGARH,B,28323-4_20240729195245.pdf,,DCH0202400005835
CH0,HA455,SA1254SAM190,2216/11/177/2025/28414/C/1/4,30-07-24 12:00:00,HARYANA REAL ESTATE REGULATORY AUTHORITY,SAMVAD[M],CH31,CHANDIGARH,B,28414-4_20240730183919.pdf,,DCH0202400005885
CH0,154412,SA1254SAM190,1078/11/526/2025/28480/C/1/6,02-08-24 12:00:00,"URBAN DEVELOPMENT M.C. ,[ELLENABAD]",SAMVAD[M],AU41,AU-HSR,B,28480-6_20240802172122.pdf,,DCH0202400006004
CH0,CH1663,SA1254SAM190,2260/11/5/2025/28476/C/1/6,02-08-24 12:00:00,CHIEF EXECUTIVE OFFICER DRDA KARNAL,SAMVAD[M],AU34,AU-KNL,B,28476-6_20240802171146.pdf,,DCH0202400006003
CH0,206956,SA1254SAM190,1284/11/647/2025/28559/C/1/6,05-08-24 12:00:00,"MARKET COMMITEE, RANIA ,SIRSA",SAMVAD[M],AU41,AU-HSR,B,28559-6_20240805194810.pdf,,DCH0202400006153
CH0,192301,SA1254SAM190,1054/11/58/2025/28898/C/1/7,13-08-24 12:00:00,"SCHOOL SHIKSHA PARIYOJNA PARISAD & RASHTRIYA MADHYAMIC SHIKSHA A ,PANCHKULA",SAMVAD[M],AU17,AU-NWD,B,28898-7_20240813174028.pdf,,DCH0202400006498
NA1,163456,SA1463SAM214,SAMVAD 1235/11/144/2025/29152/C/1/4,05-09-24 12:00:00,"MAHARISHI DAYANAND UNIVERSITY ,ROHTAK",SAMVAD - M,CH31,CHANDIGARH,B,DNA1202400014226_20240905210522.pdf,,DNA1202400014226
NA1,SH5062,SA1463SAM214,SAMVAD 2208/11/115/2025/29178/C/1/7,09-09-24 12:00:00,"SHRI VISHWAKARMA SKILL UNIVERSITY, PALWAL",SAMVAD - M,AU17,AU-NWD,B,DNA1202400014392_20240909191032.pdf,,DNA1202400014392
NA1,4686,SA1462SAM213,SAMVAD 1156/13/282/2025/29316/1/4,27-09-24 12:00:00,"HARYANA PUBLIC SERVICE COMMISSION, CHANDIGARH",SAMVAD - DPR HARYANA,AU51,AU-CHD,B,DNA1202400015492_20240927201125.pdf,,DNA1202400015492
NA1,59767,SA1463SAM214,1187/11/15/2025/29427/C/1/4,11-10-24 12:00:00,"HARYANA POWER GENERATION CORPORATION LTD.,[PANCHKULA]",SAMVAD - M,AU51,AU-CHD,B,DNA1202400016304_20241011204001.pdf,,DNA1202400016304
NA1,QU66,SA1463SAM214,2274/11/3/2025/29421/C/1/4,11-10-24 12:00:00,QUALITY ASSURANCE AUTHORITY PANCHKULA,SAMVAD - M,AU51,AU-CHD,B,DNA1202400016302_20241011203336.pdf,,DNA1202400016302
NA1,TO152,SA1463SAM214,SAMVAD 1117/11/116/2025/29538/C/1/4,15-10-24 12:00:00,TOURISM DEVELOPMENT CORP.,SAMVAD - M,AU51,AU-CHD,B,DNA1202400016444_20241015190628.pdf,,DNA1202400016444
NA1,3774,SA1462SAM213,1049/13/26/2025/29617/1/4,18-10-24 12:00:00,"HARYANA STATE AGRICULTURE MKT BOARD ,-",SAMVAD - DPR HARYANA,AU51,AU-CHD,CO0,DNA1202400016672_20241018205856.pdf,,DNA1202400016672
NA1,HA1774,SA1462SAM213,1083/13/344/2025/29618/1/4,18-10-24 12:00:00,HARYANA SHAHARI VIKAS PRADHIKARAN,SAMVAD - DPR HARYANA,AU51,AU-CHD,CO0,DNA1202400016677_20241018210309.pdf,,DNA1202400016677
NA1,107906,SA1463SAM214,SAMVAD 1056/11/60/2025/29718/C/1/4,22-10-24 12:00:00,HARTRON INSTITUTE [CHANDIGARH],SAMVAD - M,AU51,AU-CHD,B,DNA1202400016863_20241022185920.pdf,,DNA1202400016863
NA1,41164,SA1462SAM213,SAMVAD1128/13/15/2025/29733/1/4,23-10-24 12:00:00,"WOMEN & CHILD DEVELOPMENT, [CHANDIGARH]",SAMVAD - DPR HARYANA,AU51,AU-CHD,CO0,DNA1202400016943_20241023205142.pdf,,DNA1202400016943
CH0,DR627,SA1254SAM190,2220/11/16/2025/29735/C/1/6,23-10-24 12:00:00,DR. B.R. AMBEDKAR NATIONAL LAW UNIVERSITY SONIPAT,SAMVAD[M],AU40,AU-RTK,B,29735-6_20241023190401.pdf,,DCH0202400007914
NA1,182606,SA1463SAM214,SAMVAD 1039/11/70/2025/29872/C/1/4,28-10-24 12:00:00,"FED. OF COOP. SUGAR MILLS ,KAITHAL",SAMVAD - M,AU51,AU-CHD,B,DNA1202400017220_20241028202803.pdf,,DNA1202400017220
NA1,118716,SA1462SAM213,SAMVAD-1005/13/2/2025/29958/1/4,30-10-24 12:00:00,"MANAGING DIRECTOR HARYANA AGRO INDUSTRIES CORPORATION,[PANCHKULA",SAMVAD - DPR HARYANA,AU51,AU-CHD,CO0,DNA1202400017351_20241030194740.pdf,,DNA1202400017351
NA1,220548,SA1462SAM213,SAMVAD 1065/13/17/2025/30014/1/4,06-11-24 12:00:00,"ASSITANT DIRECTOR, SKILL DEVELOPMENT & INDUSTRIAL TRAINING CHANDIGARH ,CHANDIGARH",SAMVAD - DPR HARYANA,AU51,AU-CHD,CO0,DNA1202400017591_20241106185231.pdf,,DNA1202400017591
NA1,39589,SA1463SAM214,1100/11/25/2025/30258/C/1/4,13-11-24 12:00:00,"MANAGING DIRECTOR SEEDS DEV. CORP.LTD,[PANCHKULA] ,PANCHKULA",SAMVAD - M,AU51,AU-CHD,B,DNA1202400018015_20241113203355.pdf,,DNA1202400018015
NA1,MA1911,SA1462SAM213,1020/13/3/2025/30269/1/4,14-11-24 12:00:00,MANAGING DIR. COOP. FED. LTD PANCHKULA,SAMVAD - DPR HARYANA,AU51,AU-CHD,CO0,DNA1202400018075_20241114185110.pdf,,DNA1202400018075
NA1,MA769,SA1463SAM214,2237/11/15/2025/30363/C/1/4,19-11-24 12:00:00,"MAHARISHI VALMIKI SANSKRIT UNIVERSITY, MUNDRI KTL",SAMVAD - M,AU51,AU-CHD,B,DNA1202400018279_20241119190544.pdf,,DNA1202400018279
NA1,UR11,SA1463SAM214,1078/11/558/2025/30361/C/1/7,19-11-24 12:00:00,URBAN DEVELOPMENT DEPARTMENT,SAMVAD - M,AU17,AU-NWD,B,DNA1202400018274_20241119185611.pdf,,DNA1202400018274
NA1,NE1033,SA1462SAM213,2236/13/14/2025/30887/1/4,06-12-24 12:00:00,NEW AND RENEWABLE ENERGY DEPARTMENT HARYANA PANCHK,SAMVAD - DPR HARYANA,AU51,AU-CHD,CO0,DNA1202400019355_20241206204732.pdf,,DNA1202400019355
NA1,4887,SA1462SAM213,1072/13/11/2025/30926/1/4,09-12-24 12:00:00,"LABOUR WELFARE BOARD, CHANDIGARH",SAMVAD - DPR HARYANA,AU51,AU-CHD,B,DNA1202400019506_20241209202649.pdf,,DNA1202400019506
CH0,MU770,SA1254SAM190,1078/11/578/2025/30969/C/1/6,10-12-24 12:00:00,MUNICIPAL COMMITTEE SIWAN KAITHAL,SAMVAD[M],AU34,AU-KNL,B,30969-6_20241210175415.pdf,,DCH0202400009110
NA1,SP311,SA1462SAM213,1107/13/8/2025/30994/1/4,11-12-24 12:00:00,"SPORT & YOUTH AFFAIRS, PANCHKULA",SAMVAD - DPR HARYANA,AU51,AU-CHD,CO0,DNA1202400019639_20241211211156.pdf,,DNA1202400019639
CH0,133182,SA1254SAM190,1078/11/591/2025/31245/C/1/6,23-12-24 12:00:00,"MUNICIPAL CORPORATION,[HISAR]",SAMVAD[M],AU41,AU-HSR,B,31245-6_20241223201852.pdf,,DCH0202400009411
NA1,MA1047,SA1463SAM214,1284/11/744/2025/31341/C/1/4,27-12-24 12:00:00,MARKET COMMETTEE PANCHKULA,SAMVAD - M,AU51,AU-CHD,B,DNA1202400020530_20241227190616.pdf,,DNA1202400020530
CH0,SE774,SA1254SAM190,1284/11/744/2025/31341/C/1/6,27-12-24 12:00:00,SECY. MARKET COMMITTEE DABWALI SIRSA,SAMVAD[M],AU41,AU-HSR,B,31341-6_20241227191932.pdf,,DCH0202400009517
CH0,119325,SA1254SAM190,1078/11/595/2025/31482/C/1/6,03-01-25 12:00:00,"SECRETARY URBAN DEVELOPMENT M.C,[NARAYANGARH]",SAMVAD[M],AU34,AU-KNL,B,31482-6_20250103195500.pdf,,DCH0202500000089
NA1,31896,SA1462SAM213,1089/13/1953/2025/31394/1/3,03-01-25 12:00:00,"INFORMATION & PUBLIC RELATION UP GOVERNMENT,[DELHI]",SAMVAD - DPR HARYANA,AU22,AU-JAL,CO0,DNA1202500000296_20250106152737.pdf,,DNA1202500000296
NA1,IN93,SA1462SAM213,1065/13/18/2025/31484/1/4,03-01-25 12:00:00,INDUSTRIAL TRAINING INSTITUTE,SAMVAD - DPR HARYANA,AU51,AU-CHD,CO0,DNA1202500000190_20250103222405.pdf,,DNA1202500000190
NA1,UH1,SA1463SAM214,1135/11/30/2025/31638/C/1/4,10-01-25 12:00:00,"UHBVN, AMBALA",SAMVAD - M,AU51,AU-CHD,B,DNA1202500000669_20250110212106.pdf,,DNA1202500000669
CH0,164102,SA1254SAM190,1078/11/603/2025/31769/C/1/6,16-01-25 12:00:00,"SECRETARY URBAN DEVELOPMENT M.C. ASSANDH,[KARNAL] ,KARNAL",SAMVAD[M],AU34,AU-KNL,B,31769-6_20250116185926.pdf,,DCH0202500000417
CH0,HS38,SA1254SAM190,1083/11/177/2025/31803/C/1/6,16-01-25 12:00:00,HSVP SUB DIVISION KURUKSETRA,SAMVAD[M],AU34,AU-KNL,B,31803-6_20250116191606.pdf,,DCH0202500000430
CH0,DI876,SA1254SAM190,1054/11/63/2025/31808/C/1/6,17-01-25 12:00:00,DISTRICT PROJECT CO ORDINATION SIRSA,SAMVAD[M],AU41,AU-HSR,B,31808-6_20250117201407.pdf,,DCH0202500000467
CH0,200825,SA1254SAM190,1301/11/1/2025/31936/C/1/6,22-01-25 12:00:00,"ADMINISTRATOR GENERAL & OFFICAL TRUSTER TREASURES AND CHARITABLE ENDOM ,CHANDIGARH",SAMVAD[M],AU34,AU-KNL,B,31936-6_20250122191232.pdf,,DCH0202500000570
CH0,228669,SA1254SAM190,1078/11/617/2025/31980/C/1/6,22-01-25 12:00:00,"URBAN DEVELOPMENT M.C GHARONDA  ,KARANAL",SAMVAD[M],AU34,AU-KNL,B,31980-6_20250122194232.pdf,,DCH0202500000595
NA1,63332,SA1462SAM213,1149/13/55/2025/32016/1/4,25-01-25 12:00:00,"HORTICULTURE DEPARTMENT, [CHANDIGARH]",SAMVAD - DPR HARYANA,AU51,AU-CHD,CO0,DNA1202500001518_20250125181244.pdf,,DNA1202500001518
CH0,88844,SA1254SAM190,1078/11/622/2025/32080/C/1/6,28-01-25 12:00:00,"EXECUTIVE ENGINEER MUNICIPAL CORPORATION URBAN DEVELOPMENT,[HISAR]",SAMVAD[M],AU41,AU-HSR,B,32080-6-RO_20250128185920.pdf,,DCH0202500000764
NA1,185910,SA1462SAM213,1058/13/36/2025/32114/1/4,29-01-25 12:00:00,"HEALTH DEPARTMENT CHANDIGARH ,CHANDIGARH",SAMVAD - DPR HARYANA,AU51,AU-CHD,CO0,DNA1202500001734_20250129204045.pdf,,DNA1202500001734
CH0,ES83,SA1254SAM190,1083/11/199/2025/32204/C/1/6,31-01-25 12:00:00,ESTATE OFFICE HSVP JAGADHRI,SAMVAD[M],AU34,AU-KNL,B,32204-6-Ro_20250131195123.pdf,,DCH0202500000926
NA1,SH7122,SA1463SAM214,1202/11/39/2025/32338/C/1/4,10-02-25 12:00:00,"SHRI MATA MANSA DEVI SHRINE BOARD, PANCHKULA",SAMVAD - M,AU51,AU-CHD,B,DNA1202500002371_20250210181016.pdf,,DNA1202500002371
CH0,DI1646,SA1254SAM190,1038/11/2/2025/32361/C/1/6,11-02-25 12:00:00,DISTRICT MANAGER CONFED HISAR,SAMVAD[M],AU41,AU-HSR,B,32361-6_20250211193255.pdf,,DCH0202500001152
CH0,132400,SA1254SAM190,1078/11/636/2025/32374/C/1/6,13-02-25 12:00:00,"SECY URBAN DEVELOPMENT M.C. NARNAUND,[HISAR]",SAMVAD[M],AU41,AU-HSR,B,32374-6_20250213180225.pdf,,DCH0202500001178
NA1,HO302,SA1462SAM213,1149/13/59/2025/32458/1/4,21-02-25 12:00:00,HORTICULTURE DEPT HISAR,SAMVAD - DPR HARYANA,AU51,AU-CHD,CO0,DNA1202500003147_20250221193602.pdf,,DNA1202500003147
NA1,SP316,SA1462SAM213,1107/13/9/2025/32536/1/4,27-02-25 12:00:00,"SPORTS & YOUTH AFFAIRS,PANCHKULA",SAMVAD - DPR HARYANA,AU51,AU-CHD,CO0,DNA1202500003510_20250227201305.pdf,,DNA1202500003510
NA1,MA1323,SA1463SAM214,2237/11/16/2025/32578/C/1/4,03-03-25 12:00:00,MAHARSI VALMIKI SANSKRIT UNIVERSITY KAITHAL,SAMVAD - M,AU51,AU-CHD,B,DNA1202500003698_20250303182455.pdf,,DNA1202500003698
CH0,RE133,SA1254SAM190,2237/11/16/2025/32578/C/1/6,03-03-25 12:00:00,REGISTRAR MAHARSI VALMIKI SANSKRIT UNIV. KAITHAL,SAMVAD[M],AU40,AU-RTK,B,32578-6_20250303184308.pdf,,DCH0202500001527
CH0,42057,SA1254SAM190,1049/11/41/2025/32615/C/1/6,04-03-25 12:00:00,"CHIEF ADMINISTRATOR HARYANA STATE AGRICULURE MARKETING BOARD,[KURUKSHETRA]",SAMVAD[M],AU34,AU-KNL,B,32615-6_20250304181245.pdf,,DCH0202500001542
NA1,HA1565,SA1463SAM214,2251/11/9/2025/32750/C/1/4,12-03-25 12:00:00,HARYANA PARIVAR PEHCHAN PRADHIKARAN CHANDIGARH,SAMVAD - M,AU51,AU-CHD,B,DNA1202500004291_20250312211218.pdf,,DNA1202500004291
CH0,134472,SA1254SAM190,1078/11/646/2025/32811/C/1/6,13-03-25 12:00:00,"MUNICIPAL COMMITTEE SHAHBAD,[KURUKSHETRA]",SAMVAD[M],AU34,AU-KNL,B,32811-6_20250313192228.pdf,,DCH0202500001728
NA1,HS39,SA1463SAM214,1083/11/209/2025/32819/C/1/4,15-03-25 12:00:00,HSVP SUB DIVISION AMBALA,SAMVAD - M,AU51,AU-CHD,B,DNA1202500004384_20250315183212.pdf,,DNA1202500004384
NA1,HS5,SA1463SAM214,1083/11/211/2025/32821/C/1/4,15-03-25 12:00:00,HSVP KARNAL,SAMVAD - M,AU51,AU-CHD,B,DNA1202500004386_20250315183712.pdf,,DNA1202500004386
CH0,168839,SA1254SAM190,1026/11/161/2025/32871/C/1/6,17-03-25 12:00:00,"DAIRY DEV. CO OPERATIVE FEDERATION LIMITED ,AMBALA",SAMVAD[M],AU34,AU-KNL,B,32871-6_20250317191746.pdf,,DCH0202500001822
CH0,25953,SA1254SAM190,1049/11/42/2025/33018/C/1/6,19-03-25 12:00:00,"EXECUTIVE ENGINEER HARYANA STATE AGRICULTURE MARKETING BOARD, [HISAR] [HARYANA]",SAMVAD[M],AU41,AU-HSR,B,33018-6_20250319195051.pdf,,DCH0202500001918
CH0,220539,SA1254SAM190,1078/11/653/2025/33252/C/1/6,24-03-25 12:00:00,"SECRETARY URBAN DEVELOPMENT ,M.C ,SHAHABAD ,SHAHABAD",SAMVAD[M],AU34,AU-KNL,B,33252-6_20250324210438.pdf,,DCH0202500002069
CH0,214354,SA1254SAM190,1078/11/656/2025/33343/C/1/6,27-03-25 12:00:00,"SECRETARY MUNICIPAL COMMITEEE URBAN DEVELOPMENT [NISSING] ,KARNAL",SAMVAD[M],AU34,AU-KNL,B,33343-6_20250327195514.pdf,,DCH0202500002124
NA1,135400,SA1462SAM213,1049/13/28/2025/33406/1/4,28-03-25 12:00:00,"HSAMB ELECTRICITY,[PANCHKULA]",SAMVAD - DPR HARYANA,AU51,AU-CHD,B,DNA1202500005225_20250328191029.pdf,,DNA1202500005225
CH0,EX45,SA1254SAM190,1083/11/218/2025/33409/C/1/6,28-03-25 12:00:00,EXCUTIVE OFFICER HSVP PANIPAT,SAMVAD[M],AU34,AU-KNL,B,33409-6_20250330165649.pdf,,DCH0202500002197
NA1,161639,SA1463SAM214,1262/11/55/2026/33629/C/1/4,07-04-25 12:00:00,"MOTILAL NEHRU SCHOOL OF SPORTA ,SONIPAT",SAMVAD - M,AU51,AU-CHD,B,DNA1202500005694_20250407160509.pdf,,DNA1202500005694
NA1,78523,SA1462SAM213,1128/13/16/2026/33709/1/4,08-04-25 12:00:00,"WOMEN & CHILD DEVELOPMENT,[PANCHKULA]",SAMVAD - DPR HARYANA,AU51,AU-CHD,CO0,DNA1202500005809_20250408203308.pdf,,DNA1202500005809
NA1,48703,SA1463SAM214,1039/11/75/2026/33788/C/1/7,09-04-25 12:00:00,"MANAGING DIRECTOR FEDRATION OF CO-OP SUGAR MILLS LTD.,[ROHTAK]",SAMVAD - M,AU17,AU-NWD,B,DNA1202500005873_20250409194350.pdf,,DNA1202500005873
NA1,MU32,SA1463SAM214,1078/11/662/2026/33841/C/1/7,11-04-25 12:00:00,"MUNICIPAL CORPORATION OF PALWAL,PALWAL",SAMVAD - M,AU17,AU-NWD,B,DNA1202500006008_20250411203831.pdf,,DNA1202500006008
NA1,SA2773,SA1463SAM214,1216/11/7/2026/33901/C/1/4,16-04-25 12:00:00,"SANSKRIT AKADEMI, PANCHKULA",SAMVAD - M,AU51,AU-CHD,B,DNA1202500006205_20250416192714.pdf,,DNA1202500006205
CH0,144329,SA1254SAM190,1078/11/665/2026/34045/C/1/6,21-04-25 12:00:00,"MUNICIPAL COUNCIL, [NARNAUL]",SAMVAD[M],AU40,AU-RTK,B,34045-6_20250421183435.pdf,,DCH0202500002778
CH0,205121,SA1254SAM190,1078/11/668/2026/34123/C/1/6,23-04-25 12:00:00,"MUNICIPAL COMMITTEE, BARWALA ,[HISAR]",SAMVAD[M],AU41,AU-HSR,B,34123-6_20250423184120.pdf,,DCH0202500002854
CH0,IN1107,SA1254SAM190,1228/11/24/2026/34184/C/1/6,24-04-25 12:00:00,INDIAN RED CROSS SOCEITY SIRSA,SAMVAD[M],AU41,AU-HSR,B,34184-6_20250424200021.pdf,,DCH0202500002903
CH0,142324,SA1254SAM190,1023/11/41/2026/34284/C/1/6,28-04-25 12:00:00,"DISTRICT OFFICE HAFED,[FATEHABAD] ,[FATEHABAD]",SAMVAD[M],AU40,AU-RTK,B,34284-6_20250428192416.pdf,,DCH0202500003001
NA1,3762,SA1463SAM214,1023/11/41/2026/34284/C/1/4,28-04-25 12:00:00,"HAFED ,-",SAMVAD - M,AU51,AU-CHD,B,DNA1202500006901_20250428195349.pdf,,DNA1202500006901
NA1,189746,SA1463SAM214,2235/11/23/2026/34292/C/1/4,30-04-25 12:00:00,"HARYANA LABOUR  WELFARE BOARD [PANCHKULA] ,PANCHKULA",SAMVAD - M,AU51,AU-CHD,B,DNA1202500007036_20250430205722.pdf,,DNA1202500007036
NA1,CH2259,SA1462SAM213,1135/13/9/2026/34394/1/4,02-05-25 12:00:00,"CHIEF COMMUNICATIONS OFFICER,UHBVN",SAMVAD - DPR HARYANA,AU51,AU-CHD,CO0,"DNA1202500007135_20250502184103.pdf,DNA1202500007135-A_20250502212210.eml",,DNA1202500007135
CH0,DI1637,SA1254SAM190,1054/11/66/2026/34386/C/1/6,02-05-25 12:00:00,DISTRICT PROJECT CORDINATOR SIRSA,SAMVAD[M],AU41,AU-HSR,B,34386-6_20250502193604.pdf,,DCH0202500003157
CH0,170223,SA1254SAM190,1049/11/46/2026/34454/C/1/6,05-05-25 12:00:00,"HARYANA STATE AGRICULTURE MKT BOARD ,HISAR",SAMVAD[M],AU41,AU-HSR,B,34454-6_20250505194553.pdf,,DCH0202500003227
CH0,174543,SA1254SAM190,1078/11/681/2026/34555/C/1/6,07-05-25 12:00:00,"URBAN DEVELOPMENT,RADAUR ,RADAUR",SAMVAD[M],AU34,AU-KNL,B,34555-6_20250507192241.pdf,,DCH0202500003301
CH0,1314,SA1254SAM190,2252/11/10/2026/34775/C/1/6,14-05-25 12:00:00,HARYANA STATE BIODIVERSITY BOARD PANCHKULA,SAMVAD[M],AU34,AU-KNL,B,34775-6_20250514192714.pdf,,DCH0202500003492
CH0,26791,SA1254SAM190,1078/11/691/2026/34786/C/1/6,14-05-25 12:00:00,"EXECUTIVE OFFICER, MUNICIPAL COUNCIL URBAN DEVELOPMENT, [AMBALA]",SAMVAD[M],AU34,AU-KNL,B,34786-6_20250514202113.pdf,,DCH0202500003505
CH0,227755,SA1254SAM190,1078/11/692/2026/34827/C/1/6,16-05-25 12:00:00,"URBAN DEVELOPMENT,M.C, TOHANA,  ,FATEHABAD",SAMVAD[M],AU41,AU-HSR,B,34827-6_20250516191057.pdf,,DCH0202500003546
NA1,IN1344,SA1462SAM213,1066/13/26/2026/34879/1/4,19-05-25 12:00:00,INDUSTRIES & COMMERCE,SAMVAD - DPR HARYANA,AU51,AU-CHD,CO0,DNA1202500007999_20250519184114.pdf,,DNA1202500007999
NA1,PA2438,SA1463SAM214,2265/11/1/2026/34886/C/1/4,19-05-25 12:00:00,"PANCHKULA METROPOLITION DEV. AUTHORITY,PANCHKULA",SAMVAD - M,AU51,AU-CHD,B,DNA1202500007995_20250519182559.pdf,,DNA1202500007995
CH0,99732,SA1254SAM190,1078/11/700/2026/35084/C/1/6,26-05-25 12:00:00,"DEPUTY MUNICIPAL COMMISSIONER, URBAN DEVP. M.C. [HISAR]",SAMVAD[M],AU41,AU-HSR,B,35084-6_20250526181021.pdf,,DCH0202500003817
NA1,177042,SA1462SAM213,1065/13/21/2026/35230/1/4,30-05-25 12:00:00,"INDUSTRIAL TRAINING INSTITUTE, CHANDIGARH ,CHANDIGARH",SAMVAD - DPR HARYANA,AU51,AU-CHD,CO0,DNA1202500008767_20250530203916.pdf,,DNA1202500008767
CH0,1344,SA1254SAM190,1182/11/13/2026/35288/C/1/6,03-06-25 12:00:00,DISTRICT AYURVEDIC OFFICER KAITHAL,SAMVAD[M],AU34,AU-KNL,B,35288-6_20250603184826.pdf,,DCH0202500004042
CH0,46412,SA1254SAM190,1262/11/60/2026/35301/C/1/6,03-06-25 12:00:00,"PRINCIPAL DIRECTOR MOTILAL NEHRU SCHOOL OF SPORTS,RAI ,[SONIPAT]",SAMVAD[M],AU40,AU-RTK,B,35301-6_20250603190055.pdf,,DCH0202500004050
CH0,AD971,SA1254SAM190,1129/11/12/2026/35342/C/1/6,04-06-25 12:00:00,ADMINISTRATOR BAYS 39-40/4 MICADA PANCHKULA,SAMVAD[M],AU34,AU-KNL,B,35342-6_20250604185056.pdf,,DCH0202500004086
CH0,DI23,SA1254SAM190,1023/11/43/2026/35436/C/1/6,06-06-25 12:00:00,"DISTT. MANAGER HAFED, REWARI",SAMVAD[M],AU40,AU-RTK,B,35436-6_20250606193244.pdf,,DCH0202500004176
CH0,MA1983,SA1254SAM190,1284/11/797/2026/35527/C/1/6,10-06-25 12:00:00,"MARKET COMMITTEE, YAMUNA NAGAR",SAMVAD[M],AU34,AU-KNL,B,35527-6_20250610193027.pdf,,DCH0202500004246
CH0,RE118,SA1254SAM190,1228/11/32/2026/35547/C/1/6,12-06-25 12:00:00,RED CROSS SOCIETY HISAR,SAMVAD[M],AU41,AU-HSR,B,35547-6_20250612193829.pdf,,DCH0202500004300
CH0,148312,SA1254SAM190,1078/11/711/2026/35635/C/1/6,13-06-25 12:00:00,"URBAN DEVELOPMENT. M.C.,[REWARI] ,REWARI",SAMVAD[M],AU40,AU-RTK,B,35635-6_20250613203208.pdf,,DCH0202500004398
CH0,MA5119,SA1254SAM190,1047/11/1/2026/35675/C/1/6,16-06-25 12:00:00,MANAGING DIRECTOR HIRDC PANCHKULA,SAMVAD[M],AU41,AU-HSR,B,35675-6_20250616193841.pdf,,DCH0202500004456
NA1,223175,SA1463SAM214,2215/11/14/2026/35823/C/1/7,21-06-25 12:00:00,"GURGAON METROPOLITIAN DEVELOPMENT AUTHORITY ,GURGAON",SAMVAD - M,AU17,AU-NWD,B,DNA1202500010476_20250621164636.pdf,,DNA1202500010476
CH0,119142,SA1254SAM190,1284/11/811/2026/35893/C/1/6,23-06-25 12:00:00,"MARKET COMMITTEE,[PANIPAT]",SAMVAD[M],AU34,AU-KNL,B,35893-6_20250623185336.pdf,,DCH0202500004675
CH0,149851,SA1254SAM190,1054/11/71/2026/35985/C/1/6,26-06-25 12:00:00,"DISTT. PROJECT CO-ORDINATOR,SSA, [KAITHAL] ,KAITHAL",SAMVAD[M],AU34,AU-KNL,B,35985-6_20250626212133.pdf,,DCH0202500004768
CH0,135508,SA1254SAM190,1284/11/816/2026/36039/C/1/6,27-06-25 12:00:00,"MARKET COMMITTEE INDRI,[KARNAL]",SAMVAD[M],AU34,AU-KNL,B,36039-6_20250627193140.pdf,,DCH0202500004806
CH0,26572,SA1254SAM190,1241/11/74/2026/36118/C/6,01-07-25 12:00:00,"DIRECTOR, PANDIT B.D. SHARMA POST GRADUATE INSTITUTE OF MEDICAL SCIENCES, [ROHTAK]",SAMVAD[M],AU40,AU-RTK,B,36118-6_20250701183307.pdf,,DCH0202500004885
CH0,DI608,SA1254SAM190,1054/11/74/2026/36116/C/1/6,01-07-25 12:00:00,"DIST PROJECT COORDINATOR SAMGRA SHIKSHA, FATEHABAD",SAMVAD[M],AU41,AU-HSR,B,36116-6_20250701183115.pdf,,DCH0202500004884
CH0,DI1702,SA1254SAM190,1054/11/75/2026/36187/C/1/6,02-07-25 12:00:00,DISTRICT PROGRAMMER COODINATOR SSA RMSA AMBALA,SAMVAD[M],AU34,AU-KNL,B,36187-6_20250702193511.pdf,,DCH0202500004952
CH0,182533,SA1254SAM190,1078/11/734/2026/36231/C/1/6,03-07-25 12:00:00,"MUNICIPAL COMMITTEE, ASSANDH ,ASSANDH",SAMVAD[M],AU34,AU-KNL,B,36231-6_20250703202255.pdf,,DCH0202500004986
CH0,DI1703,SA1254SAM190,1054/11/76/2026/36230/C/1/6,03-07-25 12:00:00,DISTRICT PROJECT CO-ORDINATOR SSA KARNAL,SAMVAD[M],AU34,AU-KNL,B,36230-6_20250703202148.pdf,,DCH0202500004985
CH0,81256,SA1254SAM190,1078/11/741/2026/36360/C/1/6,08-07-25 12:00:00,"EXECUTIVE ENGINEER MUNICIPAL  CORPORATION URBAN DEVELOPMENT, [AMBALA]",SAMVAD[M],AU34,AU-KNL,B,36360-6_20250708200241.pdf,,DCH0202500005126
CH0,134940,SA1254SAM190,1284/11/835/2026/36409/C/1/6,09-07-25 12:00:00,"MARKET COMMITTEE GHARUNDA,[KARNAL]",SAMVAD[M],AU34,AU-KNL,B,36409-6_20250709191534.pdf,,DCH0202500005163
NA1,DE2116,SA1462SAM213,1004/13/125/2026/36412/1/4,09-07-25 12:00:00,DEPUTY DIR.AGRICULTURE & FARMERS WELFARE DEPTT,SAMVAD - DPR HARYANA,AU51,AU-CHD,CO0,DNA1202500011564_20250709212558.pdf,,DNA1202500011564
CH0,MA17,SA1254SAM190,1284/11/836/2026/36423/C/1/6,09-07-25 12:00:00,MARKET COMMITTEE KAITHAL,SAMVAD[M],AU34,AU-KNL,B,36423-6_20250709192619.pdf,,DCH0202500005169
CH0,195353,SA1254SAM190,1284/11/841/2026/36487/C/1/6,10-07-25 12:00:00,"MARKET COMMITTEE, FATEHABAD ,[FATEHABAD]",SAMVAD[M],AU41,AU-HSR,B,36487-6_20250710194508.pdf,,DCH0202500005222
CH0,MA42,SA1254SAM190,1284/11/839/2026/36459/C/1/6,10-07-25 12:00:00,MARKET COMMITTEE SAMALKHA PANIPAT,SAMVAD[M],AU34,AU-KNL,B,36459-6_20250710192306.pdf,,DCH0202500005211
CH0,SE848,SA1254SAM190,1078/11/749/2026/36484/C/1/6,10-07-25 12:00:00,SEC MUNICIPAL COMMITTEE ISMAILABAD,SAMVAD[M],AU34,AU-KNL,B,36484-6_20250710194350.pdf,,DCH0202500005221
CH0,166076,SA1254SAM190,1054/11/80/2026/36579/C/1/6,14-07-25 12:00:00,"DISTRICT PROJECT COORDINATOR SSA,[YAMUNA NAGAR] ,YAMUNA NAGAR",SAMVAD[M],AU34,AU-KNL,B,36579-6-Ro_20250714194137.pdf,,DCH0202500005308
CH0,MA30,SA1254SAM190,1284/11/847/2026/36545/C/1/6,14-07-25 12:00:00,MARKET COMMITTEE BILASPUR YAMUNA NAGAR,SAMVAD[M],AU34,AU-KNL,B,36545-6-Ro_20250714192537.pdf,,DCH0202500005295
CH0,355,SA1254SAM190,1284/11/856/2026/36671/C/1/6,16-07-25 12:00:00,SEC. EXE OFFICER MARKET COMMITTEE TARAORI KARNAL,SAMVAD[M],AU34,AU-KNL,B,36671-6_20250716190820.pdf,,DCH0202500005395
CH0,AD985,SA1254SAM190,1078/11/764/2026/36688/C/1/6,17-07-25 12:00:00,ADMINISTRATOR MUNICIPAL COMMITTEE PEHOWA,SAMVAD[M],AU34,AU-KNL,B,36688-6_20250717185830.pdf,,DCH0202500005423
CH0,MU576,SA1254SAM190,1078/11/765/2026/36695/C/1/6,17-07-25 12:00:00,"MUNICIPAL COMMITTEE, SADHAURA YAMUNA NAGAR",SAMVAD[M],AU34,AU-KNL,B,36695-6_20250717190148.pdf,,DCH0202500005425
CH0,SE852,SA1254SAM190,1078/11/762/2026/36677/C/1/6,17-07-25 12:00:00,SEC MUNICIPAL COMMITTEE NARNAUND HISAR,SAMVAD[M],AU41,AU-HSR,B,36677-6_20250717185028.pdf,,DCH0202500005419
CH0,173284,SA1254SAM190,1078/11/767/2026/36741/C/1/6,18-07-25 12:00:00,"SECY.URBAN DEVELOPMENT M.C. RANIA,[SIRSA] ,SIRSA",SAMVAD[M],AU41,AU-HSR,B,36741-6_20250718191446.pdf,,DCH0202500005461
NA1,158751,SA1462SAM213,1119/13/7/2026/36883/1/4,22-07-25 12:00:00,"TRANSPORT DEPARTMENT HARYANA ,HARYANA",SAMVAD - DPR HARYANA,AU51,AU-CHD,CO0,DNA1202500012369_20250722203425.pdf,,DNA1202500012369
NA1,CI108,SA1462SAM213,2242/13/2/2026/36892/1/4,23-07-25 12:00:00,CITIZEN RESOURCES INFORMATION DEP. PANCHKULA,SAMVAD - DPR HARYANA,AU51,AU-CHD,CO0,DNA1202500012405_20250723175206.pdf,,DNA1202500012405
CH0,172905,SA1254SAM190,1023/11/45/2026/36940/C/1/6,24-07-25 12:00:00,"DISTRICT OFFICE HAFED REWARI ,REWARI",SAMVAD[M],AU40,AU-RTK,B,36940-6_20250724180258.pdf,,DCH0202500005647
CH0,183912,SA1254SAM190,1284/11/892/2026/37064/C/1/6,28-07-25 12:00:00,"MARKET COMMETTEE, MADLAUDA ,[PANIPAT]",SAMVAD[M],AU34,AU-KNL,B,37064-6_20250728194202.pdf,,DCH0202500005757
CH0,205423,SA1254SAM190,1078/11/780/2026/37016/C/1/6,28-07-25 12:00:00,"SECRETARY MUNICIPAL COMMITEE,URBAN DELOPMENT ,JHAJJAR",SAMVAD[M],AU40,AU-RTK,B,37016-6_20250728184907.pdf,,DCH0202500005730
CH0,SE323,SA1254SAM190,1284/11/897/2026/37103/C/1/6,29-07-25 12:00:00,SECY. CUM EXE OFFICER MARKET COMMITTEE JUNDLA KARN,SAMVAD[M],AU34,AU-KNL,B,37103-6_20250729195443.pdf,,DCH0202500005815
NA1,151660,SA1463SAM214,1012/11/51/2026/37115/C/1/4,30-07-25 12:00:00,"BOARD OF SCHOOL EDUCATION ,BHIWANI",SAMVAD - M,AU51,AU-CHD,B,DNA1202500012831_20250730184606.pdf,,DNA1202500012831
CH0,MU57,SA1254SAM190,1078/11/782/2026/37169/C/1/6,30-07-25 12:00:00,"MUNICIPAL COMMITTE, NARNAUL",SAMVAD[M],AU41,AU-HSR,B,37169-6_20250730195003.pdf,,DCH0202500005881
CH0,227830,SA1254SAM190,2219/11/40/2026/37268/C/1/6,01-08-25 12:00:00,"DEPUTY REGISTRAR,TECHNICAL EDUCATION,SUPVA ,ROHTAK",SAMVAD[M],AU40,AU-RTK,B,37268-6_20250801212154.pdf,,DCH0202500005987
CH0,173334,SA1254SAM190,1284/11/913/2026/37329/C/1/6,05-08-25 12:00:00,"MARKET COMMITTEE SHAHABAD ,SHAHABAD",SAMVAD[M],AU34,AU-KNL,B,37329-6_20250805192106.pdf,,DCH0202500006081
CH0,26573,SA1254SAM190,1241/11/75/2026/37360/C/1/6,05-08-25 12:00:00,"DIRECTOR, PANDIT B.D. SHARMA UNIVERSITY OF HEALTH SCIENCES, [ROHTAK]",SAMVAD[M],AU40,AU-RTK,B,37360-6_20250805195222.pdf,,DCH0202500006096
CH0,3046,SA1254SAM190,1262/11/62/2026/37394/C/1/6,06-08-25 12:00:00,"PRINCIPAL & DIR.MOTILAL NEHRU SCHOOL OF SPORTS,RAI",SAMVAD[M],AU40,AU-RTK,B,37394-6_20250806192759.pdf,,DCH0202500006137
CH0,CC5,SA1254SAM190,1234/11/35/2026/37388/C/1/6,06-08-25 12:00:00,CCS HARYANA AGRICULTURE UNIVERSITY HISAR,SAMVAD[M],AU41,AU-HSR,B,37388-6_20250806191733.pdf,,DCH0202500006132
CH0,MA705,SA1254SAM190,1284/11/916/2026/37383/C/1/6,06-08-25 12:00:00,MARKET COMMETTEE RAIPUR RANI,SAMVAD[M],AU41,AU-HSR,B,37383-6_20250806191449.pdf,,DCH0202500006130
NA1,AG210,SA1462SAM213,1004/13/127/2026/37420/1/4,07-08-25 12:00:00,AGRICULTURE & FARMER WELFARE-GOVT.OF INDIA,SAMVAD - DPR HARYANA,AU51,AU-CHD,CO0,DNA1202500013414_20250807204531.pdf,,DNA1202500013414
CH0,176504,SA1254SAM190,1078/11/794/2026/37489/C/1/6,08-08-25 12:00:00,"MUNICIPAL COUNCIL [BHIWANI] ,[BHIWANI]",SAMVAD[M],AU41,AU-HSR,B,37489-6-Ro_20250808195929.pdf,,DCH0202500006212
NA1,196433,SA1462SAM213,1043/13/9/2026/37484/1/4,09-08-25 12:00:00,"FORESTS DEV. CORP. LTD. [HFDC] ,PANCHKULA",SAMVAD - DPR HARYANA,AU51,AU-CHD,CO0,DNA1202500013582_20250809185952.pdf,,DNA1202500013582
CH0,157047,SA1254SAM190,1284/11/931/2026/37574/C/1/6,12-08-25 12:00:00,"MARKET COMMITTEE, NARWANA, [JIND] ,NARWANA",SAMVAD[M],AU40,AU-RTK,B,37574-6_20250812183502.pdf,,DCH0202500006303
NA1,217382,SA1463SAM214,1078/11/795/2026/37605/C/1/7,12-08-25 12:00:00,"EXECUTIVE OFFICER  URBAN DEVELOPMENT MUNICIPAL COUNCIL [SOHNA] ,SOHNA",SAMVAD - M,AU17,AU-NWD,B,DNA1202500013690_20250812184916.pdf,,DNA1202500013690
NA1,4678,SA1462SAM213,1005/13/3/2026/37693/1/4,14-08-25 12:00:00,"HARYANA AGRO INDUSTRIES CORP LTD, CHANDIGARH",SAMVAD - DPR HARYANA,AU51,AU-CHD,CO0,DNA1202500013851_20250814174545.pdf,,DNA1202500013851
CH0,203375,SA1254SAM190,1078/11/800/2026/37764/C/1/6,18-08-25 12:00:00,"MUNICIPAL CORPORATION PANIPAT ,PANIPAT",SAMVAD[M],AU34,AU-KNL,B,37764-6_20250818232119.pdf,,DCH0202500006510
NA1,DI1293,SA1462SAM213,1004/13/130/2026/37769/1/4,18-08-25 12:00:00,DIRECTOR AGRICULTURE AND FARMER WELFARE DEPARTMENT,SAMVAD - DPR HARYANA,AU51,AU-CHD,CO0,DNA1202500014057_20250818223241.pdf,,DNA1202500014057
CH0,SE864,SA1254SAM190,1284/11/955/2026/37925/C/1/6,21-08-25 12:00:00,SECRETARY CUM EO MARKET COMMITTEE DHARSUL FATEHABA,SAMVAD[M],AU41,AU-HSR,B,37925-6_20250821194835.pdf,,DCH0202500006603
CH0,SE865,SA1254SAM190,1078/11/806/2026/37921/C/1/6,21-08-25 12:00:00,SECRETARY MUNICIPAL COUNCIL URBAN DEV JHAJJAR,SAMVAD[M],AU40,AU-RTK,B,37921-6_20250821204954.pdf,,DCH0202500006608
NA1,DI1726,SA1462SAM213,1099/13/8/2026/37930/1/4,22-08-25 12:00:00,DIRECTOR - SCIENCE & TECHNOLOGY PANCHKULA,SAMVAD - DPR HARYANA,AU51,AU-CHD,CO0,DNA1202500014375_20250822204437.pdf,,DNA1202500014375
CH0,GE120,SA1254SAM190,1188/11/85/2026/37933/C/1/6,22-08-25 12:00:00,GENERAL MANAGER HRY FOREST DEV. CORP. KURUSHETRA,SAMVAD[M],AU34,AU-KNL,B,37933-6_20250822194643.pdf,,DCH0202500006643
CH0,133429,SA1254SAM190,1284/11/966/2026/38174/C/1/6,28-08-25 12:00:00,"OFFICE OF THE MARKET COMMITTEE, NARWANA,[JIND]",SAMVAD[M],AU40,AU-RTK,B,38174-6_20250828195646.pdf,,DCH0202500006821
CH0,196740,SA1254SAM190,1284/11/991/2026/38492/C/1/6,08-09-25 12:00:00,"MARKET COMMITTEE SAFIDON ,JIND",SAMVAD[M],AU40,AU-RTK,B,38492-6_20250908213531.pdf,,DCH0202500007120
CH0,703,SA1254SAM190,1078/11/831/2026/38572/C/1/6,10-09-25 12:00:00,MUNICIPAL COMMITTEE RATIA FATEHABAD,SAMVAD[M],AU41,AU-HSR,B,38572-6_20250910214122.pdf,,DCH0202500007181
CH0,173477,SA1254SAM190,1201/11/3/2026/38640/C/1/6,12-09-25 12:00:00,"HARYANA LIVESTOCK DEVELOPMENT BOARD ,HISAR",SAMVAD[M],AU41,AU-HSR,B,38640-6_20250912193530.pdf,,DCH0202500007239
CH0,26765,SA1254SAM190,1078/11/836/2026/38694/C/1/6,12-09-25 12:00:00,"COMMISSIONER MUNICIPAL CORPORATION URBAN DEVELOPMENT, [FARIDABAD]",SAMVAD[M],AU40,AU-RTK,B,38694-6_20250912202457.pdf,,DCH0202500007258
CH0,MU667,SA1254SAM190,1078/11/843/2026/38967/C/1/6,24-09-25 12:00:00,MUNICIPAL COMMITTEE JAKHAL MANDI FATEHABAD,SAMVAD[M],AU41,AU-HSR,B,38967-6_20250924193309.pdf,,DCH0202500007529
CH0,177253,SA1254SAM190,1284/11/1023/2026/39052/C/1/6,25-09-25 12:00:00,"MARKET COMMITTEE,[BARWALA] ,[HISAR]",SAMVAD[M],AU41,AU-HSR,B,39052-6_20250925215033.pdf,,DCH0202500007563
NA1,SC88,SA1462SAM213,1099/13/9/2026/39156/1/4,30-09-25 12:00:00,SCIENCE & TECHNOLOGY DEPARTMENT,SAMVAD - DPR HARYANA,AU51,AU-CHD,CO0,DNA1202500017385_20250930213022.pdf,,DNA1202500017385
CH0,210468,SA1254SAM190,1078/11/855/2026/39333/C/1/6,08-10-25 12:00:00,"SECRETARY MUNICIPALCOMMITTEE URBAN DEVELOPMENT KALAYAT ,KALAYAT",SAMVAD[M],AU34,AU-KNL,B,39333-6_20251008214137.pdf,,DCH0202500007898
NA1,62804,SA1462SAM213,1065/13/33/2026/39299/1/4,08-10-25 12:00:00,"INDUSTRIAL TRAINING & VOC. EDUCATION,[CHANDIGARH ]",SAMVAD - DPR HARYANA,AU51,AU-CHD,CO0,DNA1202500017971_20251008175358.pdf,,DNA1202500017971
NA1,63883,SA1463SAM214,1208/11/9/2026/39423/C/1/4,14-10-25 12:00:00,"POLICE HOUSING CORPORATION LTD.,[PANCHKULA]",SAMVAD - M,AU51,AU-CHD,B,DNA1202500018359_20251014195819.pdf,,DNA1202500018359
CH0,90359,SA1254SAM190,1078/11/857/2026/39475/C/1/6,14-10-25 12:00:00,"SECRETARY MUNICIPAL COMMITTEE, MARKET COMMITTEE, SHAHABAD [KURUKSHETRA]",SAMVAD[M],AU34,AU-KNL,B,39475-6_20251014200029.pdf,,DCH0202500008048
CH0,174115,SA1254SAM190,1078/11/862/2026/39685/c/1/6,24-10-25 12:00:00,"EXECUTIVE ENGINEEER HARYANA URBAN DEVELOPMENT AUTHORITY HISAR ,HISAR",SAMVAD[M],AU41,AU-HSR,B,39685-6_20251024214859.pdf,,DCH0202500008321
CH0,SE882,SA1254SAM190,1284/11/1030/2026/39808/C/1/6,28-10-25 12:00:00,SEC EXE OFFICER MUNICIPAL COMMITTEE ISRANA PANIPAT,SAMVAD[M],AU34,AU-KNL,B,39808-6_20251028204920.pdf,,DCH0202500008436
CH0,SE883,SA1254SAM190,1078/11/865/2026/39828/C/1/6,29-10-25 12:00:00,SEC URBAN DEVELOPMENT MC PATAUDI GURUGRAM,SAMVAD[M],AU40,AU-RTK,B,39828-6_20251029213624.pdf,,DCH0202500008497
CH0,139673,SA1254SAM190,1201/11/5/2026/39879/C/1/6,30-10-25 12:00:00,"LIVE STOCK DEV. BOARD,[PANCHKULA]",SAMVAD[M],AU40,AU-RTK,B,39879-6_20251030210930.pdf,,DCH0202500008560
NA1,178803,SA1463SAM214,1284/11/1031/2026/39893/C/1/4,30-10-25 12:00:00,"MARKET COMMITTEE [ KURUKSHETRA] , KURUKSHETRA",SAMVAD - M,AU51,AU-CHD,B,DNA1202500019513_20251030212316.pdf,,DNA1202500019513
CH0,179425,SA1254SAM190,1078/11/867/2026/39920/C/1/6,31-10-25 12:00:00,"SECRETARY URBAN DEVP, MUNICIPAL COMITTEE,[LADWA] ,KURUKSHETRA",SAMVAD[M],AU34,AU-KNL,B,39920-6_20251031193302.pdf,,DCH0202500008587
CH0,122361,SA1254SAM190,1078/11/870/2026/40009/C/1/6,04-11-25 12:00:00,"COMMISSIONER URBAN DEVELOPMENT M.C.,[PANIPAT]",SAMVAD[M],AU34,AU-KNL,B,40009-6_20251104200652.pdf,,DCH0202500008749
CH0,200896,SA1254SAM190,1078/11/874/2026/40077/C/1/6,06-11-25 12:00:00,"MUNICIPAL COMMITTEE, GHARAUNDA ,KARNAL",SAMVAD[M],AU34,AU-KNL,B,40077-6_20251106201547.pdf,,DCH0202500008796
NA1,49599,SA1463SAM214,1026/11/229/2026/40159/C/1/7,10-11-25 12:00:00,"CHIEF EXECUTIVE OFFICER DAIRY DEV. COOP FEDRATION LTD, [FARIDABAD]",SAMVAD - M,AU17,AU-NWD,B,DNA1202500020120_20251110204944.pdf,,DNA1202500020120
CH0,149906,SA1254SAM190,1078/11/879/2026/40291/C/1/6,13-11-25 12:00:00,"MUNICIPAL COMMTTEE ,[ATEL MANDI]",SAMVAD[M],AU40,AU-RTK,B,40291-6_20251113202721.pdf,,DCH0202500009026
NA1,MA4431,SA1462SAM213,1020/13/6/2026/40301/1/7,13-11-25 12:00:00,MANAGING DIRECTOR COOP. DEV. FED. LTD. PANCHKULA,SAMVAD - DPR HARYANA,AU17,AU-NWD,CO0,DNA1202500020320_20251113193123.pdf,,DNA1202500020320
CH0,53212,SA1254SAM190,1209/11/196/2026/40457/C/1/6,19-11-25 12:00:00,"MANAGING DIRECTOR POLLUTION CONTROL BOARD, [PANCHKULA]",SAMVAD[M],AU41,AU-HSR,B,40457-6_20251119202629.pdf,,DCH0202500009184
NA1,CH147,SA1463SAM214,1131/11/3/2026/40455/C/1/7,19-11-25 12:00:00,"CHIEF EXEUTIVE OFFICER,DRDA,MEWAT AT NUH",SAMVAD - M,AU81,AU-NWD,B,DNA1202500020720_20251119203443.pdf,,DNA1202500020720
CH0,313,SA1254SAM190,1078/11/881/2026/40476/C/1/6,20-11-25 12:00:00,EXECUTIVE OFFICER MUNICIPAL DABWALI,SAMVAD[M],AU41,AU-HSR,B,40476-6_20251120194906.pdf,,DCH0202500009204
NA1,CH2357,SA1462SAM213,1029/13/2/2026/40510/1/4,20-11-25 12:00:00,CHIEF EXECUTIVE OFFICE NEW SECRETARIAT PANCHKULA,SAMVAD - DPR HARYANA,AU51,AU-CHD,CO0,DNA1202500020772_20251120201548.pdf,,DNA1202500020772
CH0,110920,SA1254SAM190,1130/11/31/2026/40740/C/1/6,28-11-25 12:00:00,"CHIEF EXECUTIVE OFFICER KUK. DEV. BOARD,[KURUKSHETRA]",SAMVAD[M],AU34,AU-KNL,B,40740-6_20251128192654.pdf,,DCH0202500009414
CH0,179426,SA1254SAM190,1078/11/891/2026/41014/C/1/6,09-12-25 12:00:00,"SECRETARY URBAN DEVP, MUNICIPAL COMITTEE, ,LADWA",SAMVAD[M],AU34,AU-KNL,B,41014-6_20251209193654.pdf,,DCH0202500009681
CH0,81222,SA1254SAM190,1078/11/895/2026/41104/C/1/6,11-12-25 12:00:00,"EXECUTIVE OFFICER URBAN DEVELOPMENT M.C. THANESAR,[KURUKSHETRA]",SAMVAD[M],AU34,AU-KNL,B,41104-6_20251211193843.pdf,,DCH0202500009745
CH0,RE588,SA1254SAM190,2271/11/5/2026/41165/C/1/6,15-12-25 12:00:00,"REGI. SPORTS UNIVERSITY OF HARYANA, RAI, SONIPAT",SAMVAD[M],AU40,AU-RTK,B,41165-6_20251215200732.pdf,,DCH0202500009820
NA1,SP260,SA1463SAM214,2271/11/5/2026/41165/C/1/4,15-12-25 12:00:00,SPORTS UNIVERSITY OF HARYANA,SAMVAD - M,AU51,AU-CHD,B,DNA1202500022381_20251215185102.pdf,,DNA1202500022381
NA1,185927,SA1463SAM214,1284/11/1052/2026/41199/C/1/7,16-12-25 12:00:00,"MARKET COMMITTEE, SONIPAT ,[SONIPAT]",SAMVAD - M,AU81,AU-NWD,B,DNA1202500022447_20251216194833.pdf,,DNA1202500022447
CH0,184397,SA1254SAM190,1078/11/903/2026/41419/C/1/6,24-12-25 12:00:00,"SECRETARY MUNICIPAL COMMITTEE [NELOKHERI] ,KARNAL",SAMVAD[M],AU34,AU-KNL,B,41419-6_20251224191018.pdf,,DCH0202500010072
NA1,38949,SA1463SAM214,1228/11/46/2026/41620/C/1/4,31-12-25 12:00:00,"INDIAN RED CROSS SOCIETY,[PANCHKULA]",SAMVAD - M,AU51,AU-CHD,B,DNA1202500023348_20251231192440.pdf,,DNA1202500023348
CH0,207907,SA1254SAM190,1078/11/913/2026/41832/C/1/6,07-01-26 12:00:00,"SECRETARY URBAN DEVELOPMENT MUNICIPAL COUNCIL NARWANA[HISAR] ,NARWANA",SAMVAD[M],AU34,AU-KNL,B,41832-6_20260107184725.pdf,,DCH0202600000146
CH0,176759,SA1254SAM190,1078/11/937/2026/42171/C/1/6,19-01-26 12:00:00,"MUNICIPAL COUNCIL, TOHANA,[FATEHABAD] ,[FATEHABAD]",SAMVAD[M],AU41,AU-HSR,B,42171-6_20260119185936.pdf,,DCH0202600000437
CH0,220271,SA1254SAM190,1078/11/938/2026/42178/C/1/6,19-01-26 12:00:00,"EXECUTIVE OFFICER,URBAN DEVELOPMENT MUNICIPAL COUNCIL GOHANA ,GOHANA",SAMVAD[M],AU40,AU-RTK,B,42178-6_20260119190319.pdf,,DCH0202600000440
NA1,MA136,SA1463SAM214,2209/11/46/2026/42145/C/1/4,19-01-26 12:00:00,MAHARANA PARTAP HORTICULTURE UNIVERSITY,SAMVAD - M,AU51,AU-CHD,B,DNA1202600001230_20260119190721.pdf,,DNA1202600001230
CH0,SE906,SA1254SAM190,1078/11/936/2026/42164/C/1/6,19-01-26 12:00:00,SECRETARY MUNICIPAL COMMITEEE URBAN DEV KUNDALI SO,SAMVAD[M],AU40,AU-RTK,B,42164-6_20260119185716.pdf,,DCH0202600000435
CH0,194202,SA1254SAM190,1078/11/947/2026/42247/C/1/6,21-01-26 12:00:00,"MUNICIPAL COMMITTEE, MAHENDERGARH ,[MAHENDERGARH]",SAMVAD[M],AU40,AU-RTK,B,42247-6_20260121175229.pdf,,DCH0202600000477
CH0,UR125,SA1254SAM190,1078/11/948/2026/42250/C/1/6,21-01-26 12:00:00,"URBAN DEVELOPMENT, MUNICIPAL COUNCIL, SIRSA",SAMVAD[M],AU41,AU-HSR,B,42250-6_20260121175515.pdf,,DCH0202600000479
CH0,170215,SA1254SAM190,1078/11/956/2026/42496/C/1/6,29-01-26 12:00:00,"MUNICIPAL COMMITTEE, BAWANI KHERA ,BHIWANI",SAMVAD[M],AU41,AU-HSR,B,42496-6_20260129183733.pdf,,DCH0202600000743
NA1,ST957,SA1462SAM213,1058/13/45/2026/42489/1/4,29-01-26 12:00:00,STATE LEPROSY OFFICER PANCHKULA,SAMVAD - DPR HARYANA,AU51,AU-CHD,CO0,DNA1202600001930_20260129184954.pdf,,DNA1202600001930
CH0,192001,SA1254SAM190,1023/11/52/2026/42738/C/1/6,05-02-26 12:00:00,"DISTRICT MANAGER HAFED,[ROHTAK] ,[ROHTAK]",SAMVAD[M],AU40,AU-RTK,B,42738-6_20260205184426.pdf,,DCH0202600000990
NA1,CH2090,SA1463SAM214,1236/11/39/2026/42794/C/1/4,06-02-26 12:00:00,"CHOUDHARY DEVILAL UNIVERSITY BARNALA ROAD, SIRSA",SAMVAD - M,AU51,AU-CHD,B,DNA1202600002529_20260206192652.pdf,,DNA1202600002529
CH0,MO1560,SA1254SAM190,2259/11/7/2026/42819/C/1/6,06-02-26 12:00:00,MORNI MAHILA BLOCK SANGTHAN MORNI,SAMVAD[M],AU41,AU-HSR,B,42819-6_20260206193410.pdf,,DCH0202600001068
CH0,185225,SA1254SAM190,1078/11/974/2026/42958/C/1/6,12-02-26 12:00:00,"SECRETARY MUNICIPAL COMMITTEE [CHIKA] ,CHIKA",SAMVAD[M],AU34,AU-KNL,B,42958-6_20260212201914.pdf,,DCH0202600001203
NA1,MA2669,SA1463SAM214,2209/11/48/2026/42993/C/1/4,13-02-26 12:00:00,MAHARANA PRATAP HORTICULTURE UNIVERSITY KARNAL,SAMVAD - M,AU51,AU-CHD,B,DNA1202600003027_20260213193312.pdf,,DNA1202600003027
NA1,ME29,SA1463SAM214,1131/11/4/2026/43001/C/1/7,13-02-26 12:00:00,"MEWAT DEVELOPMENT AUTHORITY,MEWAT",SAMVAD - M,AU81,AU-NWD,B,DNA1202600003019_20260213192303.pdf,,DNA1202600003019
CH0,174170,SA1254SAM190,1078/11/979/2026/43066/C/1/6,17-02-26 12:00:00,"MUNICIPAL COMMITTEE, RANIYA ,SIRSA",SAMVAD[M],AU41,AU-HSR,B,43066-6_20260217182614.pdf,,DCH0202600001305
CH0,180915,SA1254SAM190,1078/11/980/2026/43100/C/1/6,17-02-26 12:00:00,"SECRETARY URBAN DEVP, MUNICIPAL COMMITTEE [TARAORI] ,KARNAL",SAMVAD[M],AU34,AU-KNL,B,43100-6_20260217184704.pdf,,DCH0202600001323
CH0,191680,SA1254SAM190,1023/11/57/2026/43249/C/1/6,23-02-26 12:00:00,"GENERAL MANAGER, HAFED CFP ,[ROHTAK]",SAMVAD[M],AU40,AU-RTK,B,43249-6_20260223200515.pdf,,DCH0202600001468
NA1,HA1237,SA1463SAM214,2255/11/3/2026/43383/C/1/4,26-02-26 12:00:00,HARYANA INTERNATIONAL HORTICULTURAL MARKETING CORP,SAMVAD - M,AU51,AU-CHD,B,DNA1202600003854_20260226195319.pdf,,DNA1202600003854
